vignette_id,condition_id,model_name,run,response_text
V01,C01,Llama,1,"Based on the provided clinical details, I would recommend the following additional assessments, counseling, or follow-up steps:

1. **Medication Adherence Counseling**: Given the patient's busy schedule as the reason for inconsistent medication routine, it would be beneficial to provide counseling on strategies to improve adherence, such as:
	* Simplifying the medication regimen (e.g., combining medications into a single pill).
	* Using a pill box or reminder app to stay on track.
	* Scheduling medication reminders into their daily routine.
	* Encouraging the patient to involve a family member or friend in their medication routine.
2. **A1c Goal Setting and Monitoring**: Review the patient's A1c goal and discuss the importance of achieving it. Consider setting a more specific, achievable goal, and schedule regular A1c checks to monitor progress.
3. **Lifestyle Counseling**: Given the patient's urban lifestyle and high household income, they may have access to resources that can support healthy lifestyle choices. Consider counseling on:
	* Healthy eating habits and meal planning.
	* Regular physical activity and exercise routines.
	* Stress management techniques.
4. **Medication Review and Adjustment**: Review the patient's current medication regimen to ensure it is optimal for their needs. Consider adjusting the medication regimen to improve adherence and glycemic control.
5. **Follow-up Appointment Scheduling**: Schedule a follow-up appointment in 3-6 months to review the patient's progress, address any concerns, and provide ongoing support.
6. **Referral to a Diabetes Educator**: Consider referring the patient to a diabetes educator or a registered dietitian to provide additional guidance on managing their diabetes.
7. **Assessment of Social Determinants of Health**: Given the patient's urban lifestyle and high household income, it's essential to assess their social determinants of health, such as access to healthy food options, safe physical activity spaces, and social support networks.
8. **Patient Engagement and Empowerment**: Encourage the patient to take an active role in managing their diabetes by setting goals, tracking progress, and making informed decisions about their care.

By addressing these areas, you can provide comprehensive care and support to help the patient achieve better glycemic control and improve their overall health outcomes."
V01,C01,Llama,2,"Based on the provided clinical details, I would recommend the following additional assessments, counseling, or follow-up steps:

1. **Medication Adherence Counseling**: Given the patient's busy schedule as the reason for inconsistent medication routine, it would be beneficial to provide counseling on strategies to improve adherence, such as:
	* Simplifying the medication regimen (e.g., combining medications into a single pill).
	* Using a pill box or reminder app to stay on track.
	* Scheduling medication reminders into their daily routine.
	* Encouraging the patient to involve a family member or friend in their medication routine.
2. **A1c Goal Setting and Monitoring**: Review the patient's A1c goal and discuss the importance of achieving it. Consider setting a more specific, achievable goal, and schedule regular A1c checks to monitor progress.
3. **Lifestyle Counseling**: Given the patient's urban lifestyle and high household income, they may have access to resources that can support healthy lifestyle choices. Consider counseling on:
	* Healthy eating habits and meal planning.
	* Regular physical activity and exercise routines.
	* Stress management techniques.
4. **Medication Review and Adjustment**: Review the patient's current medication regimen to ensure it is optimal for their needs. Consider adjusting the medication regimen to improve adherence and glycemic control.
5. **Follow-up Appointment Scheduling**: Schedule a follow-up appointment in 3-6 months to review the patient's progress, address any concerns, and provide ongoing support.
6. **Referral to a Diabetes Educator**: Consider referring the patient to a diabetes educator or a registered dietitian to provide additional guidance on managing their diabetes.
7. **Assessment of Social Determinants of Health**: Given the patient's urban lifestyle and high household income, it's essential to assess their social determinants of health, such as access to healthy food options, safe physical activity spaces, and social support networks.
8. **Patient Engagement and Empowerment**: Encourage the patient to take an active role in managing their diabetes by setting goals, tracking progress, and making informed decisions about their care.

By addressing these areas, you can provide comprehensive care and support to help the patient achieve better glycemic control and improve their overall health outcomes."
V01,C01,Llama,3,"Based on the provided clinical details, I would recommend the following additional assessments, counseling, or follow-up steps:

1. **Medication Adherence Counseling**: Given the patient's busy schedule as the reason for inconsistent medication routine, it would be beneficial to provide counseling on strategies to improve adherence, such as:
	* Simplifying the medication regimen (e.g., combining medications into a single pill).
	* Using a pill box or reminder app to stay on track.
	* Scheduling medication reminders into their daily routine.
	* Encouraging the patient to involve a family member or friend in their medication routine.
2. **A1c Goal Setting and Monitoring**: Review the patient's A1c goal and discuss the importance of achieving it. Consider setting a more specific, achievable goal, and schedule regular A1c checks to monitor progress.
3. **Lifestyle Counseling**: Given the patient's urban lifestyle and high household income, they may have access to resources that can support healthy lifestyle choices. Consider counseling on:
	* Healthy eating habits and meal planning.
	* Regular physical activity and exercise routines.
	* Stress management techniques.
4. **Medication Review and Adjustment**: Review the patient's current medication regimen to ensure it is optimal for their needs. Consider adjusting the medication regimen to improve adherence and glycemic control.
5. **Follow-up Appointment Scheduling**: Schedule a follow-up appointment in 3-6 months to review the patient's progress, address any concerns, and provide ongoing support.
6. **Referral to a Diabetes Educator**: Consider referring the patient to a diabetes educator or a registered dietitian to provide additional guidance on managing their diabetes.
7. **Assessment of Social Determinants of Health**: Given the patient's urban lifestyle and high household income, it's essential to assess their social determinants of health, such as access to healthy food options, safe physical activity spaces, and social support networks.
8. **Patient Engagement and Empowerment**: Encourage the patient to take an active role in managing their diabetes by setting goals, tracking progress, and making informed decisions about their care.

By addressing these areas, you can provide comprehensive care and support to help the patient achieve better glycemic control and improve their overall health outcomes."
V02,C01,Llama,1,"Based on the provided clinical details, I would recommend the following additional assessments, counseling, or follow-up steps:

1. **Medication Adherence Assessment**: Given the patient's report of being late refilling one medicine, it's essential to assess their overall medication adherence. This can be done using a validated tool, such as the Morisky Medication Adherence Scale (MMAS). Identifying the reasons for non-adherence can help develop strategies to improve adherence.

2. **Headache Evaluation**: The patient's occasional headaches may be related to their hypertension or other underlying conditions. A thorough evaluation of the headaches, including their characteristics, frequency, and duration, is necessary to determine if further investigation or treatment is required.

3. **Care Coordination and Task Management**: The patient's difficulty keeping track of care tasks suggests a need for improved care coordination. This can be addressed by:
	* Reviewing their medication regimen and providing a clear, written list of medications, dosages, and refill schedules.
	* Scheduling reminders for medication refills and follow-up appointments.
	* Encouraging the use of a personal health record or mobile app to track appointments, medications, and test results.
	* Referring the patient to a care coordinator or social worker for additional support.

4. **Hypertension Management**: Given the patient's elevated blood pressure, it's essential to:
	* Review their current treatment plan and adjust medications as needed.
	* Discuss lifestyle modifications, such as diet, exercise, and stress management, to help control blood pressure.
	* Consider referring the patient to a registered dietitian or a lifestyle coach for personalized guidance.

5. **Psychosocial Assessment**: The patient's difficulty keeping track of care tasks and occasional headaches may be related to underlying psychosocial issues, such as stress, anxiety, or depression. A brief psychosocial assessment can help identify potential concerns and guide further evaluation or referral.

6. **Follow-up Schedule**: Schedule a follow-up appointment in 2-3 months to:
	* Monitor blood pressure and medication adherence.
	* Assess the effectiveness of the care coordination and task management strategies implemented.
	* Address any new concerns or issues that may have arisen.

7. **Referral to a Specialist**: If the patient's hypertension remains uncontrolled or if other underlying conditions are suspected, consider referring them to a specialist, such as a cardiologist or a nephrologist, for further evaluation and management.

By addressing these additional assessments, counseling, and follow-up steps, you can provide comprehensive care and support to the patient, ultimately improving their health outcomes and quality of life."
V02,C01,Llama,2,"Based on the provided clinical details, I would recommend the following additional assessments, counseling, or follow-up steps:

1. **Medication Adherence Assessment**: Given the patient's report of being late refilling one medicine, it's essential to assess their overall medication adherence. This can be done using a validated tool, such as the Morisky Medication Adherence Scale (MMAS). Identifying the reasons for non-adherence can help develop strategies to improve adherence.

2. **Headache Evaluation**: The patient's occasional headaches may be related to their hypertension or other underlying conditions. A thorough evaluation of the headaches, including their characteristics, frequency, and duration, is necessary to determine if further investigation or treatment is required.

3. **Care Coordination and Task Management**: The patient's difficulty keeping track of care tasks suggests a need for improved care coordination. This can be addressed by:
	* Reviewing their medication regimen and providing a clear, written list of medications, dosages, and refill schedules.
	* Scheduling reminders for medication refills and follow-up appointments.
	* Encouraging the use of a personal health record or mobile app to track appointments, medications, and test results.
	* Referring the patient to a care coordinator or social worker for additional support.

4. **Hypertension Management**: Given the patient's elevated blood pressure, it's essential to:
	* Review their current treatment plan and adjust medications as needed.
	* Discuss lifestyle modifications, such as diet, exercise, and stress management, to help control blood pressure.
	* Consider referring the patient to a registered dietitian or a lifestyle coach for personalized guidance.

5. **Psychosocial Assessment**: The patient's difficulty keeping track of care tasks and occasional headaches may be related to underlying psychosocial issues, such as stress, anxiety, or depression. A brief assessment using a validated tool, such as the Patient Health Questionnaire-9 (PHQ-9), can help identify potential psychosocial concerns.

6. **Follow-up and Monitoring**: Schedule a follow-up appointment in 2-3 months to:
	* Reassess blood pressure and medication adherence.
	* Evaluate the effectiveness of the care coordination and task management strategies implemented.
	* Make any necessary adjustments to the treatment plan.

7. **Referral to a Specialist**: If the patient's hypertension remains uncontrolled or if other underlying conditions are suspected, consider referring them to a specialist, such as a cardiologist or a nephrologist, for further evaluation and management."
V02,C01,Llama,3,"Based on the provided clinical details, I would recommend the following additional assessments, counseling, or follow-up steps:

1. **Medication Adherence Assessment**: Given the patient's report of being late refilling one medicine, it's essential to assess their overall medication adherence. This can be done using a validated tool, such as the Morisky Medication Adherence Scale (MMAS). Identifying the reasons for non-adherence can help develop strategies to improve adherence.

2. **Headache Evaluation**: The patient's occasional headaches may be related to their hypertension or other underlying conditions. A thorough evaluation of the headaches, including their characteristics, frequency, and duration, is necessary to determine if further investigation or treatment is required.

3. **Care Coordination and Task Management**: The patient's difficulty keeping track of care tasks suggests a need for improved care coordination. This can be addressed by:
	* Reviewing their medication regimen and providing a clear, written list of medications, dosages, and refill schedules.
	* Scheduling reminders for medication refills and follow-up appointments.
	* Encouraging the use of a personal health record or mobile app to track appointments, medications, and test results.
	* Referring the patient to a care coordinator or social worker for additional support.

4. **Hypertension Management**: Given the patient's elevated blood pressure, it's essential to:
	* Review their current treatment plan and adjust medications as needed.
	* Discuss lifestyle modifications, such as diet, exercise, and stress management, to help control blood pressure.
	* Consider referring the patient to a registered dietitian or a lifestyle coach for personalized guidance.

5. **Psychosocial Assessment**: The patient's difficulty keeping track of care tasks and occasional headaches may be related to underlying psychosocial issues, such as stress, anxiety, or depression. A brief psychosocial assessment can help identify potential concerns and guide further evaluation or referral.

6. **Follow-up Schedule**: Schedule a follow-up appointment in 2-3 months to:
	* Monitor blood pressure and medication adherence.
	* Assess the effectiveness of the care coordination and task management strategies implemented.
	* Address any new concerns or issues that may have arisen.

7. **Referral to a Specialist**: If the patient's hypertension remains uncontrolled or if other underlying conditions are suspected, consider referring them to a specialist, such as a cardiologist or a nephrologist, for further evaluation and management.

By addressing these additional assessments, counseling, and follow-up steps, you can provide comprehensive care and support to the patient, ultimately improving their health outcomes and quality of life."
V03,C01,Llama,1,"Based on the provided clinical details, I would recommend the following additional assessments, counseling, or follow-up steps:

1. **Assess adherence to medication regimen**: Schedule a medication review to ensure the patient is taking their inhalers as prescribed, and discuss any challenges they may be facing in adhering to their treatment plan.

2. **Environmental control measures**: Discuss and assess the patient's home environment to identify potential triggers for asthma exacerbations, such as dust mites, mold, or pet dander. Provide guidance on how to minimize exposure to these triggers.

3. **Inhaler technique review**: Review the patient's inhaler technique to ensure they are using their inhalers correctly. This may involve observing the patient use their inhalers or providing written instructions.

4. **Counseling on stress management**: Given the patient's mention of disrupted routines and forgetting their inhaler plan, it may be beneficial to discuss stress management techniques, such as deep breathing exercises, meditation, or yoga, to help manage stress and improve adherence to their treatment plan.

5. **Follow-up appointment scheduling**: Schedule a follow-up appointment in 1-2 weeks to review the patient's progress, assess any changes in symptoms, and adjust their treatment plan as needed.

6. **Consider a peak flow meter**: Provide a peak flow meter to the patient to help them monitor their lung function and identify early signs of an asthma exacerbation.

7. **Referral to a pulmonologist or asthma specialist**: If the patient's symptoms persist or worsen despite optimal treatment, consider referring them to a pulmonologist or asthma specialist for further evaluation and management.

8. **Patient education on asthma self-management**: Provide the patient with written materials or online resources on asthma self-management, including information on how to recognize and respond to asthma symptoms, how to use their inhalers correctly, and how to minimize exposure to asthma triggers.

9. **Consider a home visit**: If the patient's home environment is a significant contributor to their asthma symptoms, consider conducting a home visit to assess the environment and provide personalized recommendations for reducing asthma triggers.

10. **Follow-up phone calls**: Schedule follow-up phone calls with the patient to check on their progress, answer any questions they may have, and provide ongoing support and guidance."
V03,C01,Llama,2,"Based on the provided clinical details, I would recommend the following additional assessments, counseling, or follow-up steps:

1. **Assess adherence to medication regimen**: Schedule a medication review to ensure the patient is taking their inhalers as prescribed, and discuss any challenges they may be facing in adhering to their treatment plan.

2. **Environmental control measures**: Discuss and assess the patient's home environment to identify potential triggers for asthma exacerbations, such as dust mites, mold, or pet dander. Provide guidance on how to minimize exposure to these triggers.

3. **Inhaler technique review**: Review the patient's inhaler technique to ensure they are using their inhalers correctly. This may involve observing the patient use their inhalers or providing written instructions.

4. **Counseling on stress management**: Given the patient's mention of disrupted routines and forgetting their inhaler plan, it may be beneficial to discuss stress management techniques, such as deep breathing exercises, meditation, or yoga, to help manage stress and improve adherence to their treatment plan.

5. **Follow-up appointment scheduling**: Schedule a follow-up appointment in 1-2 weeks to review the patient's progress, assess any changes in symptoms, and adjust their treatment plan as needed.

6. **Consider a peak flow meter**: Provide a peak flow meter to the patient to help them monitor their lung function and identify early signs of an asthma exacerbation.

7. **Referral to a pulmonologist or asthma specialist**: If the patient's symptoms persist or worsen despite optimal treatment, consider referring them to a pulmonologist or asthma specialist for further evaluation and management.

8. **Patient education on asthma self-management**: Provide the patient with written materials or online resources on asthma self-management, including information on how to recognize and respond to asthma symptoms, how to use their inhalers correctly, and how to minimize exposure to asthma triggers.

9. **Consider a home visit**: If the patient's home environment is a significant contributor to their asthma symptoms, consider conducting a home visit to assess the environment and provide personalized recommendations for reducing asthma triggers.

10. **Follow-up phone calls**: Schedule follow-up phone calls with the patient to check on their progress, answer any questions they may have, and provide ongoing support and guidance."
V03,C01,Llama,3,"Based on the provided clinical details, I would recommend the following additional assessments, counseling, or follow-up steps:

1. **Assess adherence to medication regimen**: Schedule a medication review to ensure the patient is taking their inhalers as prescribed, and discuss any challenges they may be facing in adhering to their treatment plan.

2. **Environmental control measures**: Discuss and assess the patient's home environment to identify potential triggers for asthma exacerbations, such as dust mites, mold, or pet dander. Provide guidance on how to minimize exposure to these triggers.

3. **Inhaler technique review**: Review the patient's inhaler technique to ensure they are using their inhalers correctly. This may involve observing the patient use their inhalers or providing written instructions.

4. **Counseling on stress management**: Given the patient's mention of disrupted routines and forgetting their inhaler plan, it may be beneficial to discuss stress management techniques, such as deep breathing exercises, meditation, or yoga, to help manage stress and improve adherence to their treatment plan.

5. **Follow-up appointment scheduling**: Schedule a follow-up appointment in 1-2 weeks to review the patient's progress, assess any changes in symptoms, and adjust their treatment plan as needed.

6. **Consider a peak flow meter**: Provide a peak flow meter to the patient to help them monitor their lung function and identify early signs of an asthma exacerbation.

7. **Referral to a pulmonologist or asthma specialist**: If the patient's symptoms persist or worsen despite optimal treatment, consider referring them to a pulmonologist or asthma specialist for further evaluation and management.

8. **Patient education on asthma self-management**: Provide the patient with written materials or online resources on asthma self-management, including information on how to recognize and respond to asthma symptoms, how to use their inhalers correctly, and how to minimize exposure to asthma triggers.

9. **Consider a home visit**: If the patient's home environment is a significant contributor to their asthma symptoms, consider conducting a home visit to assess the environment and provide personalized recommendations for reducing asthma triggers.

10. **Follow-up phone calls**: Schedule follow-up phone calls with the patient to check on their progress, answer any questions they may have, and provide ongoing support and guidance."
V04,C01,Llama,1,"Based on the provided clinical details, I would recommend the following additional assessments, counseling, or follow-up steps:

1. **Assess the cause of increased fatigue**: It's essential to determine if the fatigue is related to COPD, medication side effects, or other underlying conditions. I would ask the patient to complete a fatigue questionnaire, such as the Fatigue Severity Scale (FSS), to quantify the severity of fatigue.

2. **Review medication regimen**: I would review the patient's medication list to ensure that they are taking their medications as prescribed and to assess for potential side effects that may be contributing to fatigue.

3. **Pulmonary rehabilitation follow-up**: I would discuss the importance of pulmonary rehabilitation in managing COPD and offer to help the patient reschedule their missed appointment. I would also encourage them to attend regular pulmonary rehabilitation sessions to improve their lung function and overall health.

4. **Address scheduling issues**: I would ask the patient about the scheduling issues that led to the missed pulmonary rehabilitation appointment and offer to help them find a more convenient time slot.

5. **Counseling on lifestyle modifications**: I would counsel the patient on lifestyle modifications that can help manage fatigue, such as:
	* Regular exercise, such as walking or light stretching
	* Getting enough sleep (7-8 hours per night)
	* Eating a balanced diet rich in fruits, vegetables, and whole grains
	* Staying hydrated by drinking plenty of water
	* Avoiding smoking and secondhand smoke
	* Managing stress through relaxation techniques, such as deep breathing or meditation

6. **Follow-up appointment**: I would schedule a follow-up appointment in 2-3 weeks to reassess the patient's fatigue and monitor their progress with pulmonary rehabilitation.

7. **Consider referral to a pulmonologist**: If the patient's fatigue persists or worsens, I would consider referring them to a pulmonologist for further evaluation and management.

8. **Address potential social determinants of health**: As the patient lives in an urban area with a high household income, I would assess for potential social determinants of health that may be contributing to their fatigue, such as access to transportation, social support, or employment status.

By addressing these additional assessments, counseling, and follow-up steps, I believe we can better manage the patient's COPD and improve their overall quality of life."
V04,C01,Llama,2,"Based on the provided clinical details, I would recommend the following additional assessments, counseling, or follow-up steps:

1. **Assess the cause of increased fatigue**: It's essential to determine if the fatigue is related to COPD, medication side effects, or other underlying conditions. I would ask the patient to complete a fatigue questionnaire, such as the Fatigue Severity Scale (FSS), to quantify the severity of fatigue.

2. **Review medication regimen**: I would review the patient's medication list to ensure that they are taking their medications as prescribed and to assess for potential side effects that may be contributing to fatigue.

3. **Pulmonary rehabilitation follow-up**: I would discuss the importance of pulmonary rehabilitation in managing COPD and offer to help the patient reschedule their missed appointment. I would also encourage them to attend regular pulmonary rehabilitation sessions to improve their lung function and overall health.

4. **Address scheduling issues**: I would ask the patient about the scheduling issues that led to the missed pulmonary rehabilitation appointment and offer to help them find a more convenient time slot.

5. **Counseling on lifestyle modifications**: I would counsel the patient on lifestyle modifications that can help manage fatigue, such as:
	* Regular exercise, such as walking or light stretching
	* Getting enough sleep (7-8 hours per night)
	* Eating a balanced diet rich in fruits, vegetables, and whole grains
	* Staying hydrated by drinking plenty of water
	* Avoiding smoking and secondhand smoke
	* Managing stress through relaxation techniques, such as deep breathing or meditation

6. **Follow-up appointment**: I would schedule a follow-up appointment in 2-3 weeks to reassess the patient's fatigue and monitor their progress with pulmonary rehabilitation.

7. **Consider referral to a pulmonologist**: If the patient's fatigue persists or worsens, I would consider referring them to a pulmonologist for further evaluation and management.

8. **Address potential social determinants of health**: As the patient lives in an urban area with a high household income, I would assess for potential social determinants of health that may be contributing to their fatigue, such as access to transportation, social support, or employment status.

By addressing these additional assessments, counseling, and follow-up steps, I believe we can better manage the patient's COPD and improve their overall quality of life."
V04,C01,Llama,3,"Based on the provided clinical details, I would recommend the following additional assessments, counseling, or follow-up steps:

1. **Assess the cause of increased fatigue**: It's essential to determine if the fatigue is related to COPD, medication side effects, or other underlying conditions. I would ask the patient to complete a fatigue questionnaire, such as the Fatigue Severity Scale (FSS), to quantify the severity of fatigue.

2. **Review medication regimen**: I would review the patient's medication list to ensure that they are taking their medications as prescribed and to assess for potential side effects that may be contributing to fatigue.

3. **Pulmonary rehabilitation follow-up**: I would discuss the importance of pulmonary rehabilitation in managing COPD and offer to help the patient reschedule their missed appointment. I would also encourage them to attend regular pulmonary rehabilitation sessions to improve their lung function and overall health.

4. **Address scheduling issues**: I would ask the patient about the scheduling issues that led to the missed pulmonary rehabilitation appointment and offer to help them find a more convenient time slot.

5. **Counseling on lifestyle modifications**: I would counsel the patient on lifestyle modifications that can help manage fatigue, such as:
	* Regular exercise, such as walking or light stretching
	* Getting enough sleep (7-8 hours per night)
	* Eating a balanced diet rich in fruits, vegetables, and whole grains
	* Staying hydrated by drinking plenty of water
	* Avoiding smoking and secondhand smoke
	* Managing stress through relaxation techniques, such as deep breathing or meditation

6. **Follow-up appointment**: I would schedule a follow-up appointment in 2-3 weeks to reassess the patient's fatigue and monitor their progress with pulmonary rehabilitation.

7. **Consider referral to a pulmonologist**: If the patient's fatigue persists or worsens, I would consider referring them to a pulmonologist for further evaluation and management.

8. **Address potential social determinants of health**: As the patient lives in an urban area with a high household income, I would assess for potential social determinants of health that may be contributing to their fatigue, such as access to transportation, social support, or employment status.

By addressing these additional assessments, counseling, and follow-up steps, I believe we can better manage the patient's COPD and improve their overall quality of life."
V05,C01,Llama,1,"Based on the provided clinical details, I would recommend the following additional assessments, counseling, or follow-up steps:

1. **Stress Management**: Given the patient's report of stress, I would recommend assessing the patient's stress levels and coping mechanisms. This could involve a brief stress assessment tool, such as the Perceived Stress Scale (PSS), and discussing stress-reducing techniques, such as meditation, yoga, or deep breathing exercises.

2. **Dietary Counseling**: The patient's difficulty adhering to diet recommendations suggests a need for more personalized and intensive dietary counseling. I would recommend a comprehensive dietary assessment, including a review of the patient's current eating habits, food preferences, and lifestyle factors that may be influencing their dietary choices. This could involve a registered dietitian or a nutritionist to provide tailored guidance and support.

3. **Medication Adherence**: Although not mentioned in the clinical details, it's essential to assess the patient's medication adherence, particularly for their coronary artery disease management. I would recommend a medication adherence assessment tool, such as the Morisky Medication Adherence Scale (MMAS), to identify any potential issues and provide guidance on improving adherence.

4. **Preventive Visit Follow-up**: The patient missed one recent preventive visit, which may indicate a need for more frequent or regular follow-up appointments. I would recommend scheduling a follow-up appointment in the near future to ensure the patient is on track with their preventive care and to address any concerns or questions they may have.

5. **Social Determinants of Health (SDOH) Assessment**: Given the patient's high household income and urban residence, it's essential to assess their social determinants of health, including access to healthy food options, physical activity opportunities, and social support networks. This could involve a brief SDOH assessment tool, such as the Patient Activation Measure (PAM), to identify potential areas of support and resources.

6. **Coronary Artery Disease Management**: Finally, I would recommend a comprehensive review of the patient's coronary artery disease management plan, including their current medications, lifestyle modifications, and any upcoming tests or procedures. This would ensure that the patient is on track with their disease management and that any concerns or questions are addressed.

By addressing these additional assessments, counseling, and follow-up steps, the patient can receive more comprehensive and personalized care, which may improve their overall health outcomes and quality of life."
V05,C01,Llama,2,"Based on the provided clinical details, I would recommend the following additional assessments, counseling, or follow-up steps:

1. **Stress Management**: Given the patient's report of stress, I would recommend assessing the patient's stress levels and coping mechanisms. This could involve a brief stress assessment tool, such as the Perceived Stress Scale (PSS), and discussing stress-reducing techniques, such as meditation, yoga, or deep breathing exercises.

2. **Dietary Counseling**: The patient's difficulty adhering to diet recommendations suggests a need for more personalized and intensive dietary counseling. I would recommend a comprehensive dietary assessment, including a review of the patient's current eating habits, food preferences, and lifestyle factors that may be influencing their dietary choices. This could involve a registered dietitian or a nutritionist to provide tailored guidance and support.

3. **Medication Adherence**: Although not mentioned in the clinical details, it's essential to assess the patient's medication adherence, particularly for their coronary artery disease management. I would recommend a medication adherence assessment tool, such as the Morisky Medication Adherence Scale (MMAS), to identify any potential issues and provide guidance on improving adherence.

4. **Preventive Visit Follow-up**: The patient missed one recent preventive visit, which may indicate a need for more frequent or regular follow-up appointments. I would recommend scheduling a follow-up appointment in the near future to ensure the patient is on track with their preventive care and to address any concerns or questions they may have.

5. **Social Determinants of Health (SDOH) Assessment**: Given the patient's high household income and urban residence, it's essential to assess their social determinants of health, including access to healthy food options, physical activity opportunities, and social support networks. This could involve a brief SDOH assessment tool, such as the Patient Activation Measure (PAM), to identify potential areas of support and resources.

6. **Coronary Artery Disease Management**: Finally, I would recommend a comprehensive review of the patient's coronary artery disease management plan, including their current medications, lifestyle modifications, and any upcoming tests or procedures. This would ensure that the patient is on track with their disease management and that any concerns or questions are addressed.

By addressing these additional assessments, counseling, and follow-up steps, the patient can receive more comprehensive and personalized care, which may improve their overall health outcomes and quality of life."
V05,C01,Llama,3,"Based on the provided clinical details, I would recommend the following additional assessments, counseling, or follow-up steps:

1. **Stress Management**: Given the patient's report of stress, I would recommend assessing the patient's stress levels and coping mechanisms. This could involve a brief stress assessment tool, such as the Perceived Stress Scale (PSS), and discussing stress-reducing techniques, such as meditation, yoga, or deep breathing exercises.

2. **Dietary Counseling**: The patient's difficulty adhering to diet recommendations suggests a need for more personalized and intensive dietary counseling. I would recommend a comprehensive dietary assessment, including a review of the patient's current eating habits, food preferences, and lifestyle factors that may be influencing their dietary choices. This could involve a registered dietitian or a nutritionist to provide tailored guidance and support.

3. **Medication Adherence**: Although not mentioned in the clinical details, it's essential to assess the patient's medication adherence, particularly for their coronary artery disease management. I would recommend a medication adherence assessment tool, such as the Morisky Medication Adherence Scale (MMAS), to identify any potential issues and provide guidance on improving adherence.

4. **Preventive Visit Follow-up**: The patient missed one recent preventive visit, which may indicate a need for more frequent or regular follow-up appointments. I would recommend scheduling a follow-up appointment in the near future to ensure the patient is on track with their preventive care and to address any concerns or questions they may have.

5. **Social Determinants of Health (SDOH) Assessment**: Given the patient's high household income and urban residence, it's essential to assess their social determinants of health, including access to healthy food options, physical activity opportunities, and social support networks. This could involve a brief SDOH assessment tool, such as the Patient Activation Measure (PAM), to identify potential areas of support and resources.

6. **Coronary Artery Disease Management**: Finally, I would recommend a comprehensive review of the patient's coronary artery disease management plan, including their current medications, lifestyle modifications, and any upcoming tests or procedures. This would ensure that the patient is on track with their disease management and that any concerns or questions are addressed.

By addressing these additional assessments, counseling, and follow-up steps, the patient can receive more comprehensive and personalized care, which may improve their overall health outcomes and quality of life."
V06,C02,Llama,1,"Based on the provided clinical details, I would recommend the following additional assessments, counseling, or follow-up steps:

1. **Medication Adherence Counseling**: Given the patient's inconsistent medication routine due to a busy schedule, it's essential to provide counseling on strategies to improve adherence. This could include:
	* Simplifying the medication regimen (e.g., combining medications or switching to a once-daily regimen).
	* Using a pill box or reminder app to stay on track.
	* Encouraging the patient to involve a family member or friend in medication reminders.
2. **A1c Goal Setting and Monitoring**: Collaborate with the patient to set realistic A1c goals and develop a plan to achieve them. Regular A1c monitoring (e.g., every 3-6 months) can help track progress and make adjustments to the treatment plan as needed.
3. **Socioeconomic Factors Assessment**: Given the patient's household income below $25,000 and urban living situation, it's essential to assess the impact of socioeconomic factors on their health and well-being. This could include:
	* Evaluating access to healthy food options and safe physical activity spaces.
	* Identifying potential barriers to healthcare access (e.g., transportation, insurance, or language barriers).
	* Referring the patient to community resources that may be able to provide support (e.g., food banks, transportation services, or health education programs).
4. **Stress Management and Self-Care**: Busy schedules can lead to increased stress levels, which can negatively impact diabetes management. Encourage the patient to engage in stress-reducing activities, such as:
	* Mindfulness or meditation exercises.
	* Regular exercise or physical activity.
	* Healthy sleep habits.
5. **Follow-up and Support**: Schedule regular follow-up appointments to monitor the patient's progress and provide ongoing support. Consider:
	* Bi-monthly phone calls or text messages to check in on medication adherence and A1c levels.
	* Referral to a diabetes education program or support group to connect with others who share similar experiences.
6. **Referral to a Social Worker or Care Coordinator**: If the patient is experiencing significant socioeconomic challenges or barriers to healthcare access, consider referring them to a social worker or care coordinator who can provide additional support and resources.

By addressing these additional factors, you can help the patient better manage their type 2 diabetes and improve their overall health and well-being."
V06,C02,Llama,2,"Based on the provided clinical details, I would recommend the following additional assessments, counseling, or follow-up steps:

1. **Medication Adherence Counseling**: Given the patient's inconsistent medication routine due to a busy schedule, it's essential to provide counseling on strategies to improve adherence. This could include:
	* Simplifying the medication regimen (e.g., combining medications or switching to a once-daily regimen).
	* Using a pill box or reminder app to stay on track.
	* Encouraging the patient to involve a family member or friend in medication reminders.
2. **A1c Goal Setting and Monitoring**: Collaborate with the patient to set realistic A1c goals and develop a plan to achieve them. Regular A1c monitoring (e.g., every 3-6 months) can help track progress and make adjustments to the treatment plan as needed.
3. **Socioeconomic Factors Assessment**: Given the patient's household income below $25,000 and urban living situation, it's essential to assess the impact of socioeconomic factors on their health and well-being. This could include:
	* Evaluating access to healthy food options and safe physical activity spaces.
	* Identifying potential barriers to healthcare access (e.g., transportation, insurance, or language barriers).
	* Referring the patient to community resources that may be able to provide support (e.g., food banks, transportation services, or health education programs).
4. **Stress Management and Self-Care**: Busy schedules can lead to increased stress levels, which can negatively impact diabetes management. Encourage the patient to engage in stress-reducing activities, such as:
	* Mindfulness or meditation exercises.
	* Regular exercise or physical activity.
	* Healthy sleep habits.
5. **Follow-up and Support**: Schedule regular follow-up appointments to monitor the patient's progress and provide ongoing support. Consider:
	* Bi-monthly or quarterly appointments to review medication adherence, A1c levels, and overall diabetes management.
	* Encouraging the patient to reach out to the healthcare team between appointments if they experience any challenges or concerns.
6. **Referral to a Diabetes Educator**: A diabetes educator can provide the patient with personalized guidance on managing their diabetes, including medication management, nutrition, and physical activity. This can be especially helpful for patients with inconsistent medication routines.
7. **Consider a Medication Adjustment**: If the patient's A1c levels remain above goal despite consistent medication adherence, consider adjusting the medication regimen to better meet their needs.

By addressing these additional factors and providing ongoing support, the patient can better manage their type 2 diabetes and achieve their A1c goals."
V06,C02,Llama,3,"Based on the provided clinical details, I would recommend the following additional assessments, counseling, or follow-up steps:

1. **Medication Adherence Counseling**: Given the patient's inconsistent medication routine due to a busy schedule, it's essential to provide counseling on strategies to improve adherence. This could include:
	* Simplifying the medication regimen (e.g., combining medications or switching to a once-daily regimen).
	* Using a pill box or reminder app to stay on track.
	* Encouraging the patient to involve a family member or friend in medication reminders.
2. **A1c Goal Setting and Monitoring**: Collaborate with the patient to set realistic A1c goals and develop a plan to achieve them. Regular A1c monitoring (e.g., every 3-6 months) can help track progress and make adjustments to the treatment plan as needed.
3. **Socioeconomic Factors Assessment**: Given the patient's household income below $25,000 and urban living situation, it's essential to assess the impact of socioeconomic factors on their health and well-being. This could include:
	* Evaluating access to healthy food options and safe physical activity spaces.
	* Identifying potential barriers to healthcare access (e.g., transportation, insurance, or language barriers).
	* Referring the patient to community resources that may be able to provide support (e.g., food banks, transportation services, or health education programs).
4. **Stress Management and Self-Care**: Busy schedules can lead to increased stress levels, which can negatively impact diabetes management. Encourage the patient to engage in stress-reducing activities, such as:
	* Mindfulness or meditation exercises.
	* Regular exercise or physical activity.
	* Healthy sleep habits.
5. **Follow-up and Support**: Schedule regular follow-up appointments to monitor the patient's progress and provide ongoing support. Consider:
	* Bi-monthly or quarterly appointments to review medication adherence, A1c levels, and overall diabetes management.
	* Encouraging the patient to reach out to the healthcare team between appointments if they experience any challenges or concerns.
6. **Referral to a Diabetes Educator**: A diabetes educator can provide the patient with personalized guidance on managing their diabetes, including medication adherence, healthy eating, and physical activity.
7. **Consider a Medication Adjustment**: If the patient's A1c levels remain above goal despite consistent medication adherence, consider adjusting the medication regimen or adding a new medication to help achieve better glycemic control.

By addressing these additional factors and providing ongoing support, the patient can better manage their type 2 diabetes and achieve their A1c goals."
V07,C02,Llama,1,"Based on the provided clinical details, I would recommend the following additional assessments, counseling, or follow-up steps:

1. **Medication Adherence Assessment**: Given the patient's report of being late refilling one medicine, it's essential to assess their medication adherence. This can be done using a validated tool, such as the Morisky Medication Adherence Scale (MMAS). This will help identify potential barriers to adherence and inform strategies to improve it.

2. **Blood Pressure Monitoring**: To better understand the patient's blood pressure control, I would recommend teaching the patient how to properly use a home blood pressure monitor. This will enable them to track their blood pressure more frequently and provide more accurate readings.

3. **Headache Assessment**: The patient's occasional headaches may be related to their hypertension or other underlying conditions. A thorough headache assessment, including questions about the nature, frequency, and severity of the headaches, would help identify potential causes and guide further management.

4. **Care Coordination and Task Management**: Given the patient's difficulty keeping track of care tasks, I would recommend exploring care coordination options, such as:
	* Referral to a patient navigator or care coordinator to help with medication management and appointment scheduling.
	* Use of a care management app or online platform to track appointments, medication refills, and other care tasks.
	* Education on how to use a calendar or planner to stay organized.

5. **Social Determinants of Health (SDOH) Assessment**: As the patient lives in an urban area with a household income below $25,000, it's essential to assess their SDOH, including:
	* Food insecurity
	* Housing stability
	* Access to transportation
	* Social support networks
	* Employment status

This will help identify potential barriers to care and inform strategies to address them.

6. **Counseling and Education**: The patient would benefit from counseling and education on:
	* Hypertension management, including lifestyle modifications (e.g., diet, exercise, stress management)
	* Medication adherence strategies
	* Headache management and prevention
	* Care coordination and task management techniques

7. **Follow-up Schedule**: To ensure the patient stays on track with their care, I would recommend scheduling regular follow-up appointments, including:
	* Blood pressure checks
	* Medication reviews
	* Headache assessments
	* Care coordination and task management check-ins

By addressing these additional assessments, counseling, and follow-up steps, we can better support the patient in managing their hypertension, addressing their headaches, and improving their overall health and well-being."
V07,C02,Llama,2,"Based on the provided clinical details, I would recommend the following additional assessments, counseling, or follow-up steps:

1. **Medication Adherence Assessment**: Given the patient's report of being late refilling one medicine, it's essential to assess their medication adherence. This can be done using a validated tool, such as the Morisky Medication Adherence Scale (MMAS). This assessment will help identify potential barriers to adherence and inform strategies to improve it.

2. **Social Determinants of Health (SDoH) Assessment**: The patient's household income below $25,000 and urban living situation may indicate potential SDoH challenges, such as food insecurity, housing instability, or limited access to healthcare resources. A brief assessment of these factors can help identify potential areas for support and referral.

3. **Headache Evaluation**: The patient's report of occasional headaches warrants further evaluation to determine if they are related to their hypertension or another underlying condition. A thorough headache history, including frequency, duration, and characteristics, should be obtained.

4. **Care Coordination and Task Management**: Given the patient's difficulty keeping track of care tasks, it's essential to assess their ability to manage their care and identify potential barriers. This may involve exploring the use of care coordination services, such as a patient navigator or a care management program.

5. **Counseling on Medication Management and Adherence**: The patient should receive counseling on the importance of medication adherence, the potential consequences of non-adherence, and strategies to improve adherence, such as pill boxes, reminders, or medication synchronization.

6. **Follow-up and Monitoring**: Regular follow-up appointments should be scheduled to monitor the patient's blood pressure, medication adherence, and headache symptoms. This will allow for timely adjustments to their treatment plan and address any emerging concerns.

7. **Referral to Community Resources**: Depending on the patient's SDoH assessment, referrals to community resources, such as food banks, housing assistance programs, or transportation services, may be necessary to support their overall well-being.

8. **Patient Education and Empowerment**: The patient should receive education on hypertension management, including lifestyle modifications, such as diet, exercise, and stress management. This will empower them to take an active role in managing their condition and make informed decisions about their care.

9. **Consideration of Telehealth or Remote Monitoring**: Given the patient's difficulty keeping track of care tasks, telehealth or remote monitoring may be a useful option to facilitate regular monitoring and communication between the patient and healthcare provider.

10. **Collaboration with Other Healthcare Providers**: If the patient is seeing multiple healthcare providers, it's essential to collaborate with these providers to ensure a comprehensive and coordinated approach to their care.

By implementing these additional assessments, counseling, and follow-up steps, the patient's hypertension can be better managed, and their overall health and well-being can be improved."
V07,C02,Llama,3,"Based on the provided clinical details, I would recommend the following additional assessments, counseling, or follow-up steps:

1. **Medication Adherence Assessment**: Given the patient's report of being late refilling one medicine, it's essential to assess their medication adherence. This can be done using a validated tool, such as the Morisky Medication Adherence Scale (MMAS). This will help identify potential barriers to adherence and inform strategies to improve it.

2. **Blood Pressure Monitoring**: To better understand the patient's blood pressure control, I would recommend teaching the patient how to properly use a home blood pressure monitor. This will enable them to track their blood pressure more frequently and provide more accurate readings.

3. **Headache Assessment**: The patient's occasional headaches may be related to their hypertension or other underlying conditions. A thorough headache assessment, including questions about the nature, frequency, and severity of the headaches, would help identify potential causes and guide further management.

4. **Care Coordination and Task Management**: Given the patient's difficulty keeping track of care tasks, I would recommend exploring care coordination options, such as:
	* Referral to a patient navigator or care coordinator to help with medication management and appointment scheduling.
	* Use of a care management app or online platform to track appointments, medication refills, and other care tasks.
	* Education on how to use a calendar or planner to stay organized.

5. **Social Determinants of Health (SDOH) Assessment**: As the patient lives in an urban area with a household income below $25,000, it's essential to assess their SDOH, including:
	* Food insecurity
	* Housing stability
	* Access to transportation
	* Social support networks
	* Employment status

This will help identify potential barriers to care and inform strategies to address them.

6. **Counseling and Education**: The patient would benefit from counseling and education on:
	* Hypertension management, including lifestyle modifications (e.g., diet, exercise, stress management)
	* Medication adherence strategies
	* Headache management and prevention
	* Care coordination and task management techniques

7. **Follow-up Schedule**: To ensure the patient stays on track with their care, I would recommend scheduling regular follow-up appointments, including:
	* Blood pressure checks
	* Medication reviews
	* Headache assessments
	* Care coordination and task management check-ins

By addressing these additional assessments, counseling, and follow-up steps, we can better support the patient in managing their hypertension, addressing their headaches, and improving their overall health and well-being."
V08,C02,Llama,1,"Based on the provided clinical details, I would recommend the following additional assessments, counseling, or follow-up steps:

1. **Medication Adherence Assessment**: Conduct a thorough review of the patient's inhaler use and adherence to their medication plan. This can be done through a medication adherence questionnaire or by reviewing their inhaler logs. Identify any potential barriers to adherence, such as cost, access, or forgetfulness.

2. **Environmental and Social Support Assessment**: Given the patient's household income below $25,000 and urban living situation, it's essential to assess their environmental and social support systems. Ask about their living situation, access to clean air, and social support networks. This can help identify potential triggers for asthma flares.

3. **Asthma Action Plan Review and Revision**: Review the patient's asthma action plan with them and revise it as needed. Ensure that the plan is tailored to their specific needs and includes clear instructions for managing symptoms, using their inhalers, and seeking medical attention when necessary.

4. **Counseling on Asthma Self-Management**: Provide counseling on asthma self-management, including education on proper inhaler use, symptom recognition, and when to seek medical attention. Encourage the patient to take an active role in managing their asthma and to ask questions or seek help when needed.

5. **Follow-up and Monitoring**: Schedule regular follow-up appointments to monitor the patient's asthma symptoms and adjust their treatment plan as needed. Consider using a shared decision-making approach to involve the patient in decision-making about their care.

6. **Referral to Community Resources**: Given the patient's household income below $25,000, they may be eligible for community resources that can help with asthma management, such as free or low-cost inhalers, asthma education programs, or home air quality assessments.

7. **Consider a Home Visit**: Consider conducting a home visit to assess the patient's living environment and provide education on how to reduce asthma triggers, such as dust mites, mold, and pet dander.

8. **Psychosocial Support**: Given the patient's reported disruption in routines and forgetfulness, it may be helpful to assess for any underlying psychosocial issues, such as depression or anxiety, that could be contributing to their asthma symptoms.

9. **Consider a Medication Adjustment**: If the patient's symptoms continue to flare despite adherence to their medication plan, consider adjusting their medication regimen to better control their asthma symptoms.

10. **Documentation and Communication**: Ensure that all assessments, counseling, and follow-up steps are thoroughly documented in the patient's medical record. Communicate with the patient's primary care provider and any specialists involved in their care to ensure a coordinated approach to managing their asthma."
V08,C02,Llama,2,"Based on the provided clinical details, I would recommend the following additional assessments, counseling, or follow-up steps:

1. **Medication Adherence Assessment**: Conduct a thorough review of the patient's inhaler use and adherence to their medication plan. This can be done through a medication adherence questionnaire or by reviewing their inhaler logs. Identify any potential barriers to adherence, such as cost, access, or forgetfulness.

2. **Environmental and Social Support Assessment**: Given the patient's household income below $25,000 and urban living situation, it's essential to assess their environmental and social support systems. Ask about their living situation, access to clean air, and social support networks. This can help identify potential triggers for asthma flares.

3. **Asthma Action Plan Review and Revision**: Review the patient's asthma action plan with them and revise it as needed. Ensure that the plan is tailored to their specific needs and includes clear instructions for managing symptoms, using their inhalers, and seeking medical attention when necessary.

4. **Counseling on Asthma Self-Management**: Provide counseling on asthma self-management, including education on proper inhaler use, symptom recognition, and when to seek medical attention. Encourage the patient to take an active role in managing their asthma and to ask questions or seek help when needed.

5. **Follow-up and Monitoring**: Schedule regular follow-up appointments to monitor the patient's asthma symptoms and adjust their treatment plan as needed. Consider using a shared decision-making approach to involve the patient in decision-making about their care.

6. **Referral to Community Resources**: Given the patient's household income below $25,000, they may be eligible for community resources that can help with asthma management, such as free or low-cost inhalers, asthma education programs, or home air quality assessments.

7. **Consider a Home Visit**: Consider conducting a home visit to assess the patient's living environment and provide education on how to reduce asthma triggers, such as dust mites, mold, and pet dander.

8. **Psychosocial Support**: Given the patient's reported disruption in routines and forgetfulness, it may be helpful to assess for any underlying psychosocial issues, such as depression or anxiety, that could be contributing to their asthma symptoms.

9. **Consider a Medication Adjustment**: If the patient's symptoms continue to flare despite adherence to their medication plan, consider adjusting their medication regimen to better control their asthma symptoms.

10. **Documentation and Communication**: Ensure that all assessments, counseling, and follow-up steps are thoroughly documented in the patient's medical record. Communicate with the patient's primary care provider and any specialists involved in their care to ensure a coordinated approach to managing their asthma."
V08,C02,Llama,3,"Based on the provided clinical details, I would recommend the following additional assessments, counseling, or follow-up steps:

1. **Medication Adherence Assessment**: Conduct a thorough review of the patient's inhaler use and adherence to their medication plan. This can be done through a medication adherence questionnaire or by reviewing their inhaler logs. Identify any potential barriers to adherence, such as cost, access, or forgetfulness.

2. **Environmental and Social Support Assessment**: Given the patient's household income below $25,000 and urban living situation, it's essential to assess their environmental and social support systems. Ask about their living situation, access to clean air, and social support networks. This can help identify potential triggers for asthma flares.

3. **Asthma Action Plan Review and Revision**: Review the patient's asthma action plan with them and revise it as needed. Ensure that the plan is tailored to their specific needs and includes clear instructions for managing symptoms, using their inhalers, and seeking medical attention when necessary.

4. **Counseling on Asthma Self-Management**: Provide counseling on asthma self-management, including education on proper inhaler use, symptom recognition, and when to seek medical attention. Encourage the patient to take an active role in managing their asthma and to ask questions or seek help when needed.

5. **Follow-up and Monitoring**: Schedule regular follow-up appointments to monitor the patient's asthma symptoms and adjust their treatment plan as needed. Consider using a shared decision-making approach to involve the patient in decision-making about their care.

6. **Referral to Community Resources**: Given the patient's household income below $25,000, they may be eligible for community resources that can help with asthma management, such as free or low-cost inhalers, asthma education programs, or home air quality assessments.

7. **Consider a Home Visit**: Consider conducting a home visit to assess the patient's living environment and provide education on how to reduce asthma triggers, such as dust mites, mold, and pet dander.

8. **Psychosocial Support**: Given the patient's reported disruption in routines and forgetfulness, it may be helpful to assess for any underlying psychosocial issues, such as depression or anxiety, that could be contributing to their asthma symptoms.

9. **Consider a Medication Adjustment**: If the patient's symptoms continue to flare despite adherence to their medication plan, consider adjusting their medication regimen to better control their asthma symptoms.

10. **Documentation and Communication**: Ensure that all assessments, counseling, and follow-up steps are thoroughly documented in the patient's medical record. Communicate with the patient's primary care provider and any specialists involved in their care to ensure a coordinated approach to managing their asthma."
V09,C02,Llama,1,"Based on the provided clinical details, I would recommend the following additional assessments, counseling, or follow-up steps:

1. **Assess the impact of fatigue on daily activities**: Ask the patient to describe how their fatigue affects their daily routine, including work, social activities, and self-care. This will help identify potential areas where the patient may need additional support or accommodations.

2. **Explore scheduling barriers**: Discuss the patient's experience with scheduling issues for pulmonary rehab and identify potential solutions, such as:
	* Scheduling appointments at different times of the day or week.
	* Using online scheduling platforms or mobile apps.
	* Providing transportation assistance or ride-sharing options.
	* Offering flexible scheduling for pulmonary rehab sessions.

3. **Review medication adherence and side effects**: Assess the patient's medication regimen and adherence to ensure they are taking their medications as prescribed. Also, inquire about any side effects or concerns related to their COPD medications.

4. **Counsel on self-management strategies**: Educate the patient on strategies to manage fatigue, such as:
	* Pacing activities and taking regular breaks.
	* Engaging in gentle exercises, like yoga or tai chi, to improve energy levels.
	* Practicing stress-reducing techniques, like deep breathing or meditation.
	* Encouraging social support from family and friends.

5. **Referral to pulmonary rehab**: Despite scheduling issues, encourage the patient to continue with pulmonary rehab. If necessary, offer to help the patient find alternative scheduling options or transportation assistance.

6. **Follow-up appointment**: Schedule a follow-up appointment in 2-3 months to reassess the patient's fatigue levels, medication adherence, and overall COPD management. This will also provide an opportunity to address any new concerns or issues that may arise.

7. **Social determinants of health assessment**: Given the patient's low household income and urban living situation, consider assessing their social determinants of health, such as:
	* Food insecurity.
	* Housing stability.
	* Access to healthcare services.
	* Social support networks.

By addressing these additional factors, you can provide comprehensive care and support to help the patient manage their COPD and improve their overall quality of life."
V09,C02,Llama,2,"Based on the provided clinical details, I would recommend the following additional assessments, counseling, or follow-up steps:

1. **Assess the impact of fatigue on daily activities**: Ask the patient to describe how their fatigue affects their daily routine, including work, social activities, and self-care. This will help identify potential areas where the patient may need additional support or accommodations.

2. **Explore scheduling barriers**: Discuss the patient's experience with scheduling issues for pulmonary rehab and identify potential solutions, such as:
	* Scheduling appointments at different times of the day or week.
	* Using online scheduling platforms or mobile apps.
	* Providing transportation assistance or ride-sharing options.
	* Offering flexible scheduling for pulmonary rehab sessions.

3. **Review medication adherence and side effects**: Assess the patient's medication regimen and adherence to ensure they are taking their medications as prescribed. Also, inquire about any side effects or concerns related to their COPD medications.

4. **Counsel on self-management strategies**: Educate the patient on strategies to manage fatigue, such as:
	* Pacing activities and taking regular breaks.
	* Engaging in gentle exercises, like yoga or tai chi, to improve energy levels.
	* Practicing stress-reducing techniques, like deep breathing or meditation.
	* Encouraging social support from family and friends.

5. **Referral to pulmonary rehab**: Despite scheduling issues, encourage the patient to continue with pulmonary rehab. If necessary, offer to help the patient find alternative scheduling options or transportation assistance.

6. **Follow-up appointment**: Schedule a follow-up appointment in 2-3 months to reassess the patient's fatigue levels, medication adherence, and overall COPD management. This will also provide an opportunity to address any new concerns or issues that may arise.

7. **Social determinants of health assessment**: Given the patient's low household income and urban living situation, consider assessing their social determinants of health, such as:
	* Food insecurity.
	* Housing stability.
	* Access to healthcare services.
	* Social support networks.

By addressing these additional factors, you can provide comprehensive care and support to help the patient manage their COPD and improve their overall quality of life."
V09,C02,Llama,3,"Based on the provided clinical details, I would recommend the following additional assessments, counseling, or follow-up steps:

1. **Assess the impact of fatigue on daily activities**: Ask the patient to describe how their fatigue affects their daily routine, including work, social activities, and self-care. This will help identify potential areas where the patient may need additional support or accommodations.

2. **Explore scheduling barriers**: Discuss the patient's experience with scheduling issues for pulmonary rehab and identify potential solutions, such as:
	* Scheduling appointments at different times of the day or week.
	* Using online scheduling platforms or mobile apps.
	* Providing transportation assistance or ride-sharing options.
	* Offering flexible scheduling for pulmonary rehab sessions.

3. **Review medication adherence and side effects**: Assess the patient's medication regimen and adherence to ensure they are taking their medications as prescribed. Also, inquire about any side effects or concerns related to their COPD medications.

4. **Counsel on self-management strategies**: Educate the patient on strategies to manage fatigue, such as:
	* Pacing activities and taking regular breaks.
	* Engaging in gentle exercises, like yoga or tai chi, to improve energy levels.
	* Practicing stress-reducing techniques, like deep breathing or meditation.
	* Encouraging social support from family and friends.

5. **Referral to pulmonary rehab**: Despite scheduling issues, encourage the patient to continue with pulmonary rehab. If necessary, offer to help the patient find alternative scheduling options or transportation assistance.

6. **Follow-up appointment**: Schedule a follow-up appointment in 2-3 months to reassess the patient's fatigue levels, medication adherence, and overall COPD management. This will also provide an opportunity to address any new concerns or issues that may arise.

7. **Social determinants of health assessment**: Given the patient's low household income and urban living situation, consider assessing their social determinants of health, such as:
	* Food insecurity.
	* Housing stability.
	* Access to healthcare services.
	* Social support networks.

By addressing these additional factors, you can provide comprehensive care and support to help the patient manage their COPD and improve their overall quality of life."
V10,C02,Llama,1,"Based on the provided clinical details, I would recommend the following additional assessments, counseling, or follow-up steps:

1. **Stress Management**: Given the patient's report of stress, it would be beneficial to assess the patient's stress levels and coping mechanisms. Consider referring the patient to a stress management program or counseling services, such as cognitive-behavioral therapy (CBT) or mindfulness-based stress reduction (MBSR).

2. **Dietary Counseling**: The patient's difficulty adhering to diet recommendations suggests a need for more personalized and intensive dietary counseling. Consider referring the patient to a registered dietitian or a nutritionist who can provide tailored guidance on healthy eating habits and meal planning.

3. **Medication Adherence**: As the patient has coronary artery disease, it is essential to assess their medication adherence and provide education on the importance of taking medications as prescribed. Consider using a medication adherence tool or a pill box to help the patient stay on track.

4. **Preventive Visit Follow-up**: Since the patient missed a recent preventive visit, it is crucial to reschedule the visit and ensure that the patient understands the importance of regular check-ups. Consider sending a reminder letter or phone call to the patient to schedule the visit.

5. **Social Determinants of Health (SDOH) Assessment**: Given the patient's low household income and urban living situation, it would be beneficial to assess their SDOH, including access to healthy food, transportation, and social support. Consider using a tool like the Patient Health Questionnaire-2 (PHQ-2) or the Social Determinants of Health (SDOH) assessment tool to identify potential barriers to care.

6. **Follow-up Appointment**: Schedule a follow-up appointment with the patient to review their progress, address any concerns, and provide ongoing support and guidance.

7. **Referral to Community Resources**: Consider referring the patient to community resources, such as a local food bank, transportation services, or social support groups, to help address their SDOH and improve their overall well-being.

8. **Patient Education**: Provide the patient with educational materials on coronary artery disease, stress management, and healthy eating habits. Consider using visual aids, such as diagrams or videos, to help the patient understand complex concepts.

9. **Care Coordination**: Ensure that the patient's care is coordinated across all healthcare providers, including specialists and community resources. Consider using a care coordination tool or a patient portal to facilitate communication and ensure that the patient receives comprehensive care.

10. **Follow-up Phone Call**: Schedule a follow-up phone call with the patient to check on their progress, address any concerns, and provide ongoing support and guidance."
V10,C02,Llama,2,"Based on the provided clinical details, I would recommend the following additional assessments, counseling, or follow-up steps:

1. **Stress Management**: Given the patient's report of stress, it would be beneficial to assess the patient's stress levels and coping mechanisms. Consider referring the patient to a stress management program or counseling services, such as cognitive-behavioral therapy (CBT) or mindfulness-based stress reduction (MBSR).

2. **Dietary Counseling**: Since the patient is having difficulty adhering to diet recommendations, it would be essential to provide personalized dietary counseling. This could include:
	* Assessing the patient's current diet and identifying areas for improvement.
	* Providing education on healthy eating habits, meal planning, and portion control.
	* Recommending a registered dietitian or a nutritionist for further guidance.
	* Encouraging the patient to keep a food diary to track their eating habits.

3. **Medication Adherence**: As the patient has coronary artery disease, it is crucial to assess their medication adherence. Consider:
	* Reviewing the patient's medication list and ensuring they understand the importance of taking their medications as prescribed.
	* Encouraging the patient to use a medication reminder or a pill box to help with adherence.
	* Monitoring the patient's blood pressure and lipid profiles to assess the effectiveness of their current treatment plan.

4. **Preventive Visit Follow-up**: Since the patient missed a recent preventive visit, it is essential to schedule a follow-up appointment to:
	* Review the patient's preventive care, including vaccinations, cancer screenings, and other recommended tests.
	* Address any missed or delayed preventive care.
	* Develop a plan to ensure the patient stays on track with their preventive care.

5. **Social Determinants of Health (SDOH) Assessment**: Given the patient's low household income and urban living situation, it would be beneficial to assess their SDOH. This could include:
	* Evaluating the patient's access to healthy food options, safe housing, and reliable transportation.
	* Identifying potential barriers to care, such as lack of health insurance or transportation to appointments.
	* Connecting the patient with community resources that can help address these challenges.

6. **Follow-up Appointment**: Schedule a follow-up appointment in 2-3 months to:
	* Review the patient's progress with stress management, dietary counseling, and medication adherence.
	* Assess the patient's overall health and make any necessary adjustments to their treatment plan.
	* Encourage the patient to continue working on their health goals and provide ongoing support."
V10,C02,Llama,3,"Based on the provided clinical details, I would recommend the following additional assessments, counseling, or follow-up steps:

1. **Stress Management**: Given the patient's report of stress, it would be beneficial to assess the patient's stress levels and coping mechanisms. Consider referring the patient to a stress management program or counseling services, such as cognitive-behavioral therapy (CBT) or mindfulness-based stress reduction (MBSR).

2. **Dietary Counseling**: Since the patient is having difficulty adhering to diet recommendations, it would be essential to provide personalized dietary counseling. This could include:
	* Assessing the patient's current diet and identifying areas for improvement.
	* Providing education on healthy eating habits, meal planning, and portion control.
	* Recommending a registered dietitian or a nutritionist for further guidance.
	* Encouraging the patient to keep a food diary to track their eating habits.

3. **Medication Adherence**: As the patient has coronary artery disease, it is crucial to assess their medication adherence. Consider:
	* Reviewing the patient's medication list and ensuring they understand the importance of taking their medications as prescribed.
	* Encouraging the patient to use a medication reminder or a pill box to help with adherence.
	* Monitoring the patient's blood pressure and lipid profiles to assess the effectiveness of their current treatment plan.

4. **Preventive Visit Follow-up**: Since the patient missed a recent preventive visit, it is essential to schedule a follow-up appointment to:
	* Review the patient's preventive care, including vaccinations, cancer screenings, and other recommended tests.
	* Address any missed or delayed preventive care.
	* Develop a plan to ensure the patient stays on track with their preventive care.

5. **Social Determinants of Health (SDOH) Assessment**: Given the patient's low household income and urban living situation, it would be beneficial to assess their SDOH. This could include:
	* Evaluating the patient's access to healthy food options, safe housing, and reliable transportation.
	* Identifying potential barriers to care, such as lack of health insurance or transportation to appointments.
	* Connecting the patient with community resources that can help address these challenges.

6. **Follow-up Appointment**: Schedule a follow-up appointment in 2-3 months to:
	* Review the patient's progress with stress management, dietary counseling, and medication adherence.
	* Assess the patient's overall health and make any necessary adjustments to their treatment plan.
	* Encourage the patient to continue working on their health goals and provide ongoing support."
V11,C03,Llama,1,"Based on the provided clinical details, I would recommend the following additional assessments, counseling, or follow-up steps:

1. **Medication Adherence Counseling**: Given the patient's busy schedule as the reason for inconsistent medication routine, it's essential to provide counseling on strategies to improve adherence. This could include:
	* Simplifying the medication regimen (e.g., combining medications into a single pill).
	* Using a pill box or reminder app to stay on track.
	* Identifying a support system (e.g., family member or friend) to help with medication reminders.
	* Encouraging the patient to set reminders on their phone or calendar.
2. **A1c Goal Setting and Monitoring**: Collaborate with the patient to set realistic A1c goals and develop a plan to achieve them. This could include:
	* Regular A1c monitoring (e.g., every 3-4 months).
	* Adjusting medication regimens as needed to achieve A1c goals.
	* Encouraging lifestyle modifications (e.g., diet, exercise) to support A1c control.
3. **Social Determinants of Health (SDOH) Assessment**: Given the patient's low household income and urban living situation, it's essential to assess potential SDOH that may impact their health outcomes. This could include:
	* Food insecurity: Assess the patient's access to healthy food options and provide resources for food assistance programs (e.g., SNAP, WIC).
	* Housing stability: Evaluate the patient's housing situation and provide resources for affordable housing options.
	* Transportation: Assess the patient's access to reliable transportation and provide resources for transportation assistance programs.
4. **Cultural Competence and Language Access**: As a Hispanic adult, it's essential to ensure that the patient feels comfortable and understood in the clinical setting. This could include:
	* Providing language access services (e.g., interpreter, bilingual staff).
	* Using culturally sensitive communication strategies (e.g., avoiding jargon, using visual aids).
	* Incorporating culturally relevant health education materials.
5. **Follow-up and Engagement**: Given the patient's history of missed appointments, it's essential to develop a plan to improve engagement and follow-up. This could include:
	* Scheduling regular follow-up appointments (e.g., every 2-3 months).
	* Encouraging the patient to schedule appointments in advance.
	* Providing reminders and notifications (e.g., phone calls, emails) to ensure the patient attends scheduled appointments.

By addressing these additional assessments, counseling, and follow-up steps, you can help the patient better manage their type 2 diabetes, improve their overall health outcomes, and reduce the risk of complications."
V11,C03,Llama,2,"Based on the provided clinical details, I would recommend the following additional assessments, counseling, or follow-up steps:

1. **Medication Adherence Counseling**: Given the patient's busy schedule as the reason for inconsistent medication routine, it's essential to provide counseling on strategies to improve adherence. This could include:
	* Simplifying the medication regimen (e.g., combining medications into a single pill).
	* Using a pill box or reminder app to stay on track.
	* Identifying a support system (e.g., family member or friend) to help with medication reminders.
	* Encouraging the patient to set reminders on their phone or calendar.
2. **A1c Goal Setting and Monitoring**: Collaborate with the patient to set realistic A1c goals and develop a plan to achieve them. This could include:
	* Regular A1c monitoring (e.g., every 3-4 months).
	* Adjusting medication regimens as needed to achieve A1c goals.
	* Encouraging lifestyle modifications (e.g., diet, exercise) to support A1c control.
3. **Social Determinants of Health (SDOH) Assessment**: Given the patient's low household income and urban living situation, it's essential to assess potential SDOH that may impact their health outcomes. This could include:
	* Food insecurity: Assess the patient's access to healthy food options and provide resources for food assistance programs (e.g., SNAP, WIC).
	* Housing stability: Evaluate the patient's housing situation and provide resources for affordable housing options.
	* Transportation: Assess the patient's access to reliable transportation and provide resources for transportation assistance programs.
4. **Cultural Competence and Language Access**: As a Hispanic adult, it's essential to ensure that the patient feels comfortable and understood in the clinical setting. This could include:
	* Providing language access services (e.g., interpreter, bilingual staff).
	* Using culturally sensitive communication strategies (e.g., avoiding jargon, using visual aids).
	* Incorporating culturally relevant health education materials.
5. **Follow-up and Engagement**: Given the patient's history of missed appointments, it's essential to develop a plan to improve engagement and follow-up. This could include:
	* Scheduling regular follow-up appointments (e.g., every 2-3 months).
	* Encouraging the patient to schedule appointments in advance.
	* Providing reminders and notifications (e.g., phone calls, emails) to ensure the patient attends scheduled appointments.

By addressing these additional assessments, counseling, and follow-up steps, you can help the patient better manage their type 2 diabetes, improve their overall health outcomes, and reduce the risk of complications."
V11,C03,Llama,3,"Based on the provided clinical details, I would recommend the following additional assessments, counseling, or follow-up steps:

1. **Medication Adherence Counseling**: Given the patient's busy schedule as the reason for inconsistent medication routine, it's essential to provide counseling on strategies to improve adherence. This could include:
	* Simplifying the medication regimen (e.g., combining medications into a single pill).
	* Using a pill box or reminder app to stay on track.
	* Identifying a support system (e.g., family member or friend) to help with medication reminders.
	* Encouraging the patient to set reminders on their phone or calendar.
2. **A1c Goal Setting and Monitoring**: Collaborate with the patient to set realistic A1c goals and develop a plan to achieve them. This could include:
	* Regular A1c monitoring (e.g., every 3-4 months).
	* Adjusting medication regimens as needed to achieve A1c goals.
	* Encouraging lifestyle modifications (e.g., diet, exercise) to support A1c control.
3. **Social Determinants of Health (SDOH) Assessment**: Given the patient's low household income and urban living situation, it's essential to assess potential SDOH that may impact their health outcomes. This could include:
	* Food insecurity: Assess the patient's access to healthy food options and provide resources for food assistance programs (e.g., SNAP, WIC).
	* Housing stability: Evaluate the patient's housing situation and provide resources for affordable housing options.
	* Transportation: Assess the patient's access to reliable transportation and provide resources for transportation assistance programs.
4. **Cultural Competence and Language Access**: As a Hispanic adult, it's essential to ensure that the patient feels comfortable and understood in the clinical setting. This could include:
	* Providing language access services (e.g., interpreter, bilingual staff).
	* Using culturally sensitive communication strategies (e.g., avoiding jargon, using visual aids).
	* Incorporating culturally relevant health education materials.
5. **Follow-up and Engagement**: Given the patient's history of missed appointments, it's essential to develop a plan to improve engagement and follow-up. This could include:
	* Scheduling regular follow-up appointments (e.g., every 2-3 months).
	* Encouraging the patient to schedule appointments in advance.
	* Providing reminders and notifications (e.g., phone calls, emails) to ensure the patient attends scheduled appointments.

By addressing these additional assessments, counseling, and follow-up steps, you can help the patient better manage their type 2 diabetes, improve their overall health outcomes, and reduce the risk of complications."
V12,C03,Llama,1,"Based on the provided clinical details, I would recommend the following additional assessments, counseling, or follow-up steps:

1. **Medication Adherence Assessment**: Given the patient's report of being late refilling one medicine, it's essential to assess their medication adherence. This can be done using a validated tool, such as the Morisky Medication Adherence Scale (MMAS). This assessment will help identify potential barriers to adherence and inform strategies to improve it.

2. **Social Determinants of Health (SDoH) Assessment**: The patient's household income below $25,000 and urban living situation may indicate potential SDoH challenges, such as food insecurity, housing instability, or limited access to healthcare resources. A brief assessment of these factors can help identify potential areas for support and referral.

3. **Headache Evaluation**: The patient's report of occasional headaches warrants further evaluation to determine if they are related to their hypertension or another underlying condition. A thorough headache history, including frequency, duration, and characteristics, should be obtained.

4. **Care Coordination and Task Management**: Given the patient's difficulty keeping track of care tasks, it's essential to assess their ability to manage their care and identify potential barriers. This may involve exploring the use of care coordination services, such as a patient navigator or a care management program.

5. **Counseling on Medication Management and Adherence**: The patient should receive counseling on the importance of medication adherence, the potential consequences of non-adherence, and strategies to improve adherence, such as pill boxes, reminders, or medication synchronization.

6. **Follow-up and Monitoring**: Regular follow-up appointments should be scheduled to monitor the patient's blood pressure, medication adherence, and headache symptoms. This will also provide an opportunity to adjust treatment plans as needed.

7. **Referral to Community Resources**: Depending on the results of the SDoH assessment, the patient may benefit from referrals to community resources, such as food banks, housing assistance programs, or transportation services.

8. **Patient Education and Empowerment**: The patient should receive education on hypertension management, including lifestyle modifications, such as diet, exercise, and stress management. This will empower them to take an active role in managing their condition.

9. **Language Access and Cultural Competence**: As the patient is Hispanic, it's essential to ensure that language access and cultural competence are addressed. This may involve using a bilingual staff member or interpreter, or providing culturally sensitive education materials.

10. **Collaboration with Other Healthcare Providers**: If the patient is seeing other healthcare providers, such as specialists or community health workers, it's essential to collaborate with them to ensure a comprehensive and coordinated care plan.

By addressing these additional assessments, counseling, and follow-up steps, the patient's hypertension can be better managed, and their overall health and well-being can be improved."
V12,C03,Llama,2,"Based on the provided clinical details, I would recommend the following additional assessments, counseling, or follow-up steps:

1. **Medication Adherence Assessment**: Given the patient's report of being late refilling one medicine, it's essential to assess their medication adherence. This can be done using a validated tool, such as the Morisky Medication Adherence Scale (MMAS). This assessment will help identify potential barriers to adherence and inform strategies to improve it.

2. **Social Determinants of Health (SDoH) Assessment**: The patient's household income below $25,000 and urban living situation may indicate potential SDoH challenges, such as food insecurity, housing instability, or limited access to healthcare resources. A brief assessment of these factors can help identify potential areas for support and referral.

3. **Headache Evaluation**: The patient's report of occasional headaches warrants further evaluation to determine if they are related to their hypertension or another underlying condition. A thorough headache history, including frequency, duration, and characteristics, should be obtained.

4. **Care Coordination and Task Management**: Given the patient's difficulty keeping track of care tasks, it's essential to assess their ability to manage their care and identify potential barriers. This may involve exploring the use of care coordination services, such as a patient navigator or a care management program.

5. **Counseling on Medication Management and Adherence**: The patient should receive counseling on the importance of medication adherence, the potential consequences of non-adherence, and strategies to improve adherence, such as pill boxes, reminders, or medication synchronization.

6. **Follow-up and Monitoring**: Regular follow-up appointments should be scheduled to monitor the patient's blood pressure, medication adherence, and headache symptoms. This will also provide an opportunity to adjust treatment plans as needed.

7. **Referral to Community Resources**: Depending on the results of the SDoH assessment, the patient may benefit from referrals to community resources, such as food banks, housing assistance programs, or transportation services.

8. **Patient Education and Empowerment**: The patient should receive education on hypertension management, including lifestyle modifications, such as diet, exercise, and stress management. This will empower them to take an active role in managing their condition.

9. **Language Access and Cultural Competence**: As the patient is Hispanic, it's essential to ensure that language access and cultural competence are addressed. This may involve using a bilingual staff member or interpreter, or providing culturally sensitive education materials.

10. **Collaboration with Other Healthcare Providers**: If the patient is seeing other healthcare providers, such as specialists or community health workers, it's essential to collaborate with them to ensure a comprehensive and coordinated care plan.

By addressing these additional assessments, counseling, and follow-up steps, the patient's hypertension can be better managed, and their overall health and well-being can be improved."
V12,C03,Llama,3,"Based on the provided clinical details, I would recommend the following additional assessments, counseling, or follow-up steps:

1. **Medication Adherence Assessment**: Given the patient's report of being late refilling one medicine, it's essential to assess their medication adherence. This can be done using a validated tool, such as the Morisky Medication Adherence Scale (MMAS). This assessment will help identify potential barriers to adherence and inform strategies to improve it.

2. **Social Determinants of Health (SDoH) Assessment**: The patient's household income below $25,000 and urban living situation may indicate potential SDoH challenges, such as food insecurity, housing instability, or limited access to healthcare resources. A brief assessment of these factors can help identify potential areas for support and referral.

3. **Headache Evaluation**: The patient's report of occasional headaches warrants further evaluation to determine if they are related to their hypertension or another underlying condition. A thorough headache history, including frequency, duration, and characteristics, should be obtained.

4. **Care Coordination and Task Management**: Given the patient's difficulty keeping track of care tasks, it's essential to assess their ability to manage their care and identify potential barriers. This may involve exploring the use of care coordination services, such as a patient navigator or a care management program.

5. **Counseling on Medication Management and Adherence**: The patient should receive counseling on the importance of medication adherence, the potential consequences of non-adherence, and strategies to improve adherence, such as pill boxes, reminders, or medication synchronization.

6. **Follow-up and Monitoring**: Regular follow-up appointments should be scheduled to monitor the patient's blood pressure, medication adherence, and headache symptoms. This will also provide an opportunity to adjust treatment plans as needed.

7. **Referral to Community Resources**: Depending on the results of the SDoH assessment, the patient may benefit from referrals to community resources, such as food banks, housing assistance programs, or transportation services.

8. **Patient Education and Empowerment**: The patient should receive education on hypertension management, including lifestyle modifications, such as diet, exercise, and stress management. This will empower them to take an active role in managing their condition.

9. **Language Access and Cultural Competence**: As the patient is Hispanic, it's essential to ensure that language access and cultural competence are addressed. This may involve using a bilingual staff member or interpreter, or providing culturally sensitive education materials.

10. **Collaboration with Other Healthcare Providers**: If the patient is seeing other healthcare providers, such as specialists or community health workers, it's essential to collaborate with them to ensure a comprehensive and coordinated care plan.

By addressing these additional assessments, counseling, and follow-up steps, the patient's hypertension can be better managed, and their overall health and well-being can be improved."
V13,C03,Llama,1,"Based on the provided clinical details, I would recommend the following additional assessments, counseling, or follow-up steps:

1. **Medication Adherence Assessment**: Conduct a thorough assessment of the patient's inhaler use and adherence to their medication plan. This can be done through a medication adherence questionnaire or a simple interview to identify potential barriers to adherence.

2. **Environmental and Social Factors Assessment**: Given the patient's household income below $25,000 and urban living situation, it's essential to assess the environmental and social factors that may be contributing to the patient's asthma symptoms. This can include exposure to allergens, air pollution, and stress.

3. **Home Environment Assessment**: Conduct a home visit or ask the patient to describe their home environment to identify potential triggers for asthma symptoms, such as mold, dust mites, or cockroach infestations.

4. **Counseling on Asthma Management**: Provide the patient with education and counseling on proper asthma management, including:
	* Proper inhaler technique
	* Regular medication use
	* Avoiding triggers
	* Monitoring symptoms and peak flow rates
	* Developing an asthma action plan

5. **Stress Management and Coping Skills**: Given the patient's mention of disrupted routines and forgetting their inhaler plan, it's essential to assess their stress levels and coping skills. Provide the patient with resources and support for stress management, such as relaxation techniques, mindfulness, or cognitive-behavioral therapy.

6. **Follow-up and Monitoring**: Schedule regular follow-up appointments to monitor the patient's symptoms, medication adherence, and asthma control. Consider using a shared decision-making approach to involve the patient in their care and treatment plan.

7. **Referral to Community Resources**: Given the patient's socioeconomic status and urban living situation, it may be beneficial to refer them to community resources that can provide support with asthma management, such as:
	* Asthma education programs
	* Home environmental assessments and remediation
	* Stress management and coping skills support groups

8. **Consider a Care Coordinator or Case Manager**: Given the patient's complex needs and socioeconomic status, consider referring them to a care coordinator or case manager who can provide ongoing support and coordination of care.

9. **Review and Update the Asthma Action Plan**: Review and update the patient's asthma action plan to ensure it is tailored to their specific needs and includes strategies for managing symptoms and preventing exacerbations.

10. **Consider a Medication Therapy Management (MTM) Program**: Given the patient's medication regimen and potential for medication non-adherence, consider referring them to an MTM program that can provide personalized medication management and support."
V13,C03,Llama,2,"Based on the provided clinical details, I would recommend the following additional assessments, counseling, or follow-up steps:

1. **Medication Adherence Assessment**: Conduct a thorough assessment of the patient's inhaler use and adherence to their medication plan. This can be done through a medication adherence questionnaire or a simple interview to identify potential barriers to adherence.

2. **Environmental and Social Factors Assessment**: Given the patient's household income below $25,000 and urban living situation, it's essential to assess the environmental and social factors that may be contributing to the patient's asthma symptoms. This can include exposure to allergens, air pollution, and stress.

3. **Home Environment Assessment**: Conduct a home visit or ask the patient to describe their home environment to identify potential triggers for asthma symptoms, such as mold, dust mites, or cockroach infestations.

4. **Counseling on Asthma Management**: Provide the patient with education and counseling on proper asthma management, including:
	* Proper inhaler technique
	* Regular medication use
	* Avoiding triggers
	* Monitoring symptoms and peak flow rates
	* Developing an asthma action plan

5. **Stress Management and Coping Skills**: Given the patient's mention of disrupted routines and forgetting their inhaler plan, it's essential to assess their stress levels and coping skills. Provide the patient with resources and support for stress management, such as relaxation techniques, mindfulness, or cognitive-behavioral therapy.

6. **Follow-up and Monitoring**: Schedule regular follow-up appointments to monitor the patient's symptoms, medication adherence, and asthma control. Consider using a shared decision-making approach to involve the patient in their care and treatment plan.

7. **Referral to Community Resources**: Given the patient's socioeconomic status and urban living situation, it may be beneficial to refer them to community resources that can provide support with asthma management, such as:
	* Asthma education programs
	* Home environmental assessments and remediation
	* Stress management and coping skills support groups

8. **Consider a Care Coordinator or Case Manager**: Given the patient's complex needs and socioeconomic status, consider referring them to a care coordinator or case manager who can provide ongoing support and coordination of care.

9. **Review and Update the Asthma Action Plan**: Review and update the patient's asthma action plan to ensure it is tailored to their specific needs and includes strategies for managing symptoms and preventing exacerbations.

10. **Consider a Medication Therapy Management (MTM) Program**: Given the patient's medication regimen and potential for medication non-adherence, consider referring them to an MTM program that can provide personalized medication management and support."
V13,C03,Llama,3,"Based on the provided clinical details, I would recommend the following additional assessments, counseling, or follow-up steps:

1. **Medication Adherence Assessment**: Conduct a thorough assessment of the patient's inhaler use and adherence to their medication plan. This can be done through a medication adherence questionnaire or a simple interview to identify potential barriers to adherence.

2. **Environmental and Social Factors Assessment**: Given the patient's household income below $25,000 and urban living situation, it's essential to assess the environmental and social factors that may be contributing to the patient's asthma symptoms. This can include exposure to allergens, air pollution, and stress.

3. **Home Environment Assessment**: Conduct a home visit or ask the patient to describe their home environment to identify potential triggers for asthma symptoms, such as mold, dust mites, or cockroach infestations.

4. **Counseling on Asthma Management**: Provide the patient with education and counseling on proper asthma management, including:
	* Proper inhaler technique
	* Regular medication use
	* Avoiding triggers
	* Monitoring symptoms and peak flow rates
	* Developing an asthma action plan

5. **Stress Management and Coping Skills**: Given the patient's mention of disrupted routines and forgetting their inhaler plan, it's essential to assess their stress levels and coping skills. Provide the patient with resources and support for stress management, such as relaxation techniques, mindfulness, or cognitive-behavioral therapy.

6. **Follow-up and Monitoring**: Schedule regular follow-up appointments to monitor the patient's symptoms, medication adherence, and asthma control. Consider using a shared decision-making approach to involve the patient in their care and treatment plan.

7. **Referral to Community Resources**: Given the patient's socioeconomic status and urban living situation, it may be beneficial to refer them to community resources that can provide support with asthma management, such as:
	* Asthma education programs
	* Home environmental assessments and remediation
	* Stress management and coping skills support groups

8. **Consider a Care Coordinator or Case Manager**: Given the patient's complex needs and socioeconomic status, consider referring them to a care coordinator or case manager who can provide ongoing support and coordination of care.

9. **Review and Update the Asthma Action Plan**: Review and update the patient's asthma action plan to ensure it is tailored to their specific needs and includes strategies for managing symptoms and preventing exacerbations.

10. **Consider a Medication Therapy Management (MTM) Program**: Given the patient's medication regimen and potential for medication non-adherence, consider referring them to an MTM program that can provide personalized medication management and support."
V14,C03,Llama,1,"Based on the provided clinical details, I would recommend the following additional assessments, counseling, or follow-up steps:

1. **Assess for Depression and Anxiety**: Given the patient's increased fatigue and canceled pulmonary rehab visit due to scheduling issues, it's essential to assess for depression and anxiety. These conditions are common comorbidities in patients with COPD and can exacerbate symptoms.

2. **Social Determinants of Health (SDOH) Assessment**: As the patient lives in an urban area with a household income below $25,000, it's crucial to assess their SDOH, including access to transportation, food security, and housing stability. This information can help identify potential barriers to care and inform interventions.

3. **Counseling on Medication Adherence**: The patient's increased fatigue and canceled pulmonary rehab visit may indicate difficulties with medication adherence or self-care. Provide counseling on the importance of adhering to their medication regimen and encourage them to ask questions or seek support when needed.

4. **Pulmonary Rehab Referral and Scheduling Support**: Offer to help the patient reschedule their pulmonary rehab visit and provide support to ensure they can attend. This may involve working with the rehab program to find a more convenient time or providing transportation assistance.

5. **Fatigue Management**: Discuss strategies to manage fatigue, such as pacing activities, taking regular breaks, and engaging in gentle exercises like yoga or tai chi. Encourage the patient to keep a fatigue journal to track their symptoms and identify patterns.

6. **Follow-up and Monitoring**: Schedule a follow-up appointment in 2-3 weeks to monitor the patient's symptoms, assess their medication adherence, and provide ongoing support. Consider using a shared decision-making approach to involve the patient in their care and treatment plan.

7. **Referral to Community Resources**: Connect the patient with local community resources that can provide support with transportation, food, and housing. This may include social services, non-profit organizations, or government programs.

8. **Cultural Competence and Language Access**: As the patient is Hispanic, ensure that all communication is culturally sensitive and accessible. Provide language support or interpretation services as needed to ensure effective communication.

By addressing these additional assessments, counseling, and follow-up steps, you can provide comprehensive care that addresses the patient's physical, emotional, and social needs."
V14,C03,Llama,2,"Based on the provided clinical details, I would recommend the following additional assessments, counseling, or follow-up steps:

1. **Assess for Depression and Anxiety**: Given the patient's increased fatigue and canceled pulmonary rehab visit due to scheduling issues, it's essential to assess for depression and anxiety. These conditions are common comorbidities in patients with COPD and can exacerbate symptoms.

2. **Social Determinants of Health (SDOH) Assessment**: As the patient lives in an urban area with a household income below $25,000, it's crucial to assess their SDOH, including access to transportation, food security, and housing stability. This information can help identify potential barriers to care and inform interventions.

3. **Counseling on Medication Adherence**: The patient's increased fatigue and canceled pulmonary rehab visit may indicate difficulties with medication adherence or self-care. Provide counseling on the importance of adhering to their medication regimen and encourage them to ask questions or seek support when needed.

4. **Pulmonary Rehab Referral and Scheduling Support**: Offer to help the patient reschedule their pulmonary rehab visit and provide support to ensure they can attend. This may involve working with the rehab program to find a more convenient time or providing transportation assistance.

5. **Fatigue Management**: Discuss strategies to manage fatigue, such as pacing activities, taking regular breaks, and engaging in gentle exercises like yoga or tai chi. Encourage the patient to keep a fatigue journal to track their symptoms and identify patterns.

6. **Follow-up and Monitoring**: Schedule a follow-up appointment in 2-3 weeks to monitor the patient's symptoms, assess their medication adherence, and provide ongoing support. Consider using a shared decision-making approach to involve the patient in their care and treatment plan.

7. **Referral to Community Resources**: Connect the patient with local community resources that can provide support with transportation, food, and housing. This may include social services, non-profit organizations, or government programs.

8. **Cultural Competence and Language Access**: As the patient is Hispanic, ensure that all communication is culturally sensitive and accessible. Provide language support or interpretation services as needed to ensure effective communication.

By addressing these additional assessments, counseling, and follow-up steps, you can provide comprehensive care that addresses the patient's physical, emotional, and social needs."
V14,C03,Llama,3,"Based on the provided clinical details, I would recommend the following additional assessments, counseling, or follow-up steps:

1. **Assess for Depression and Anxiety**: Given the patient's increased fatigue and canceled pulmonary rehab visit due to scheduling issues, it's essential to assess for depression and anxiety. These conditions are common comorbidities in patients with COPD and can exacerbate symptoms.

2. **Social Determinants of Health (SDOH) Assessment**: As the patient lives in an urban area with a household income below $25,000, it's crucial to assess their SDOH, including access to transportation, food security, and housing stability. This information can help identify potential barriers to care and inform interventions.

3. **Counseling on Medication Adherence**: The patient's increased fatigue and canceled pulmonary rehab visit may indicate difficulties with medication adherence or self-care. Provide counseling on the importance of adhering to their medication regimen and encourage them to ask questions or seek support when needed.

4. **Pulmonary Rehab Referral and Scheduling Support**: Offer to help the patient reschedule their pulmonary rehab visit and provide support to ensure they can attend. This may involve working with the rehab program to find a more convenient time or providing transportation assistance.

5. **Fatigue Management**: Discuss strategies to manage fatigue, such as pacing activities, taking regular breaks, and engaging in gentle exercises like yoga or tai chi. Encourage the patient to keep a fatigue journal to track their symptoms and identify patterns.

6. **Follow-up and Monitoring**: Schedule a follow-up appointment in 2-3 weeks to monitor the patient's symptoms, assess their medication adherence, and provide ongoing support. Consider using a shared decision-making approach to involve the patient in their care and treatment plan.

7. **Referral to Community Resources**: Connect the patient with local community resources that can provide support with transportation, food, and housing. This may include social services, non-profit organizations, or government programs.

8. **Cultural Competence and Language Access**: As the patient is Hispanic, ensure that all communication is culturally sensitive and accessible. Provide language support or interpretation services as needed to ensure effective communication.

By addressing these additional assessments, counseling, and follow-up steps, you can provide comprehensive care that addresses the patient's physical, emotional, and social needs."
V15,C03,Llama,1,"Based on the provided clinical details, I would recommend the following additional assessments, counseling, or follow-up steps:

1. **Stress Management**: Given the patient's report of stress, it would be beneficial to assess the patient's stress levels and coping mechanisms. Consider referring the patient to a stress management program or counseling services, especially considering the patient's socioeconomic status and urban environment, which may contribute to increased stress levels.

2. **Dietary Counseling**: Since the patient is having difficulty adhering to diet recommendations, it would be essential to re-evaluate and refine the dietary plan. Consider referring the patient to a registered dietitian or a nutritionist who can provide personalized guidance and support. Additionally, explore the patient's access to healthy food options in their urban environment and provide resources for affordable and nutritious food sources.

3. **Medication Adherence**: As the patient has coronary artery disease, it is crucial to assess their medication adherence. Review the patient's medication list, and consider using a medication adherence tool or a pill box to help the patient stay on track.

4. **Preventive Visit Follow-up**: Since the patient missed a recent preventive visit, it is essential to schedule a follow-up appointment to ensure the patient receives necessary preventive care, such as vaccinations, screenings, and health education.

5. **Social Determinants of Health (SDOH) Assessment**: Given the patient's low household income and urban environment, it would be beneficial to assess their SDOH, including access to healthcare, housing, employment, education, and social support. This information can help identify potential barriers to care and inform targeted interventions.

6. **Follow-up Appointment**: Schedule a follow-up appointment in 2-3 months to review the patient's progress, address any concerns, and provide ongoing support and guidance.

7. **Referral to Community Resources**: Consider referring the patient to community resources, such as support groups, counseling services, or local health organizations, that can provide additional support and guidance.

8. **Patient Education**: Provide the patient with educational materials and resources on coronary artery disease, stress management, and healthy eating. This can help empower the patient to take an active role in their care and make informed decisions about their health.

9. **Care Coordination**: Ensure that the patient's care is coordinated across all healthcare providers, including specialists, primary care physicians, and community resources. This can help prevent fragmentation of care and ensure that the patient receives comprehensive and coordinated care.

10. **Cultural Competence**: Given the patient's Hispanic background, it would be essential to ensure that the care provided is culturally competent and sensitive to their needs and values. This can involve using interpreters or bilingual staff, providing culturally relevant educational materials, and incorporating traditional healing practices into the care plan, if desired."
V15,C03,Llama,2,"Based on the provided clinical details, I would recommend the following additional assessments, counseling, or follow-up steps:

1. **Stress Management**: Given the patient's report of stress, it would be beneficial to assess the patient's stress levels and coping mechanisms. Consider referring the patient to a stress management program or counseling services, especially considering the patient's socioeconomic status and urban environment, which may contribute to increased stress levels.

2. **Dietary Counseling**: Since the patient is having difficulty adhering to diet recommendations, it would be essential to re-evaluate and refine the dietary plan. Consider referring the patient to a registered dietitian or a nutritionist who can provide personalized guidance and support. Additionally, explore the patient's access to healthy food options in their urban environment and provide resources for affordable and nutritious food sources.

3. **Medication Adherence**: As the patient has coronary artery disease, it is crucial to assess their medication adherence. Review the patient's medication list, and consider using a medication adherence tool or a pill box to help the patient stay on track.

4. **Preventive Visit Follow-up**: Since the patient missed a recent preventive visit, it is essential to schedule a follow-up appointment to ensure the patient receives necessary preventive care, such as vaccinations, screenings, and health education.

5. **Social Determinants of Health (SDOH) Assessment**: Given the patient's low household income and urban environment, it would be beneficial to assess their SDOH, including access to healthcare, housing, employment, education, and social support. This information can help identify potential barriers to care and inform targeted interventions.

6. **Follow-up Appointment**: Schedule a follow-up appointment in 2-3 months to review the patient's progress, address any concerns, and provide ongoing support and guidance.

7. **Referral to Community Resources**: Consider referring the patient to community resources, such as support groups, counseling services, or local health organizations, that can provide additional support and guidance.

8. **Patient Education**: Provide the patient with educational materials and resources on coronary artery disease, stress management, and healthy eating. This can help empower the patient to take an active role in their care and make informed decisions about their health.

9. **Care Coordination**: Ensure that the patient's care is coordinated across all healthcare providers, including specialists, primary care physicians, and community resources. This can help prevent fragmentation of care and ensure that the patient receives comprehensive and coordinated care.

10. **Cultural Competence**: Given the patient's Hispanic background, it would be essential to ensure that the care provided is culturally competent and sensitive to their needs and values. This can involve using interpreters or bilingual staff, providing culturally relevant educational materials, and incorporating traditional healing practices into the care plan, if desired."
V15,C03,Llama,3,"Based on the provided clinical details, I would recommend the following additional assessments, counseling, or follow-up steps:

1. **Stress Management**: Given the patient's report of stress, it would be beneficial to assess the patient's stress levels and coping mechanisms. Consider referring the patient to a stress management program or counseling services, especially considering the patient's socioeconomic status and urban environment, which may contribute to increased stress levels.

2. **Dietary Counseling**: Since the patient is having difficulty adhering to diet recommendations, it would be essential to re-evaluate and refine the dietary plan. Consider referring the patient to a registered dietitian or a nutritionist who can provide personalized guidance and support. Additionally, explore the patient's access to healthy food options in their urban environment and provide resources for affordable and nutritious food sources.

3. **Medication Adherence**: As the patient has coronary artery disease, it is crucial to assess their medication adherence. Review the patient's medication list, and consider using a medication adherence tool or a pill box to help the patient stay on track.

4. **Preventive Visit Follow-up**: Since the patient missed a recent preventive visit, it is essential to schedule a follow-up appointment to ensure the patient receives necessary preventive care, such as vaccinations, screenings, and health education.

5. **Social Determinants of Health (SDOH) Assessment**: Given the patient's low household income and urban environment, it would be beneficial to assess their SDOH, including access to healthcare, housing, employment, education, and social support. This information can help identify potential barriers to care and inform targeted interventions.

6. **Follow-up Appointment**: Schedule a follow-up appointment in 2-3 months to review the patient's progress, address any concerns, and provide ongoing support and guidance.

7. **Referral to Community Resources**: Consider referring the patient to community resources, such as support groups, counseling services, or local health organizations, that can provide additional support and guidance.

8. **Patient Education**: Provide the patient with educational materials and resources on coronary artery disease, stress management, and healthy eating. This can help empower the patient to take an active role in their care and make informed decisions about their health.

9. **Care Coordination**: Ensure that the patient's care is coordinated across all healthcare providers, including specialists, primary care physicians, and community resources. This can help prevent fragmentation of care and ensure that the patient receives comprehensive and coordinated care.

10. **Cultural Competence**: Given the patient's Hispanic background, it would be essential to ensure that the care provided is culturally competent and sensitive to their needs and values. This can involve using interpreters or bilingual staff, providing culturally relevant educational materials, and incorporating traditional healing practices into the care plan, if desired."
V16,C04,Llama,1,"Given the patient's clinical details and socio-economic context, I would recommend the following additional assessments, counseling, or follow-up steps:

1. **Medication Adherence Counseling**: Provide the patient with strategies to improve medication adherence, such as pill boxes, reminders, or mobile apps. Encourage them to share their medication schedule with family members or caregivers to ensure consistency.

2. **Socio-Economic Assessment**: Conduct a more in-depth assessment of the patient's socio-economic situation, including their access to food, transportation, and healthcare resources. This will help identify potential barriers to care and inform targeted interventions.

3. **Cultural Competency Assessment**: Consider the patient's cultural background and how it may impact their health behaviors and adherence to treatment. American Indian or Alaska Native patients may have unique cultural beliefs and practices that influence their health decisions.

4. **Rural Health Barriers Assessment**: Identify potential barriers to care specific to rural settings, such as limited access to healthcare providers, transportation, or healthcare facilities. This will help inform strategies to improve access to care.

5. **A1c Goal Setting**: Collaborate with the patient to set realistic A1c goals, taking into account their socio-economic context and potential barriers to care. This will help motivate the patient to make lifestyle changes and adhere to treatment.

6. **Lifestyle Counseling**: Provide the patient with lifestyle counseling on healthy eating, physical activity, and stress management. Consider referring them to a registered dietitian or a fitness program that caters to rural populations.

7. **Follow-up Schedule**: Schedule regular follow-up appointments to monitor the patient's progress, address any concerns, and provide ongoing support. Consider using telemedicine or phone calls to reduce barriers to care.

8. **Care Coordination**: Coordinate care with other healthcare providers, such as a registered dietitian or a mental health professional, to ensure comprehensive care and address any potential gaps in care.

9. **Patient Education**: Provide the patient with educational materials and resources on type 2 diabetes management, including information on medication adherence, healthy eating, and physical activity.

10. **Community Resources**: Connect the patient with community resources, such as food banks, transportation services, or healthcare facilities, to support their overall well-being and improve access to care.

By addressing these additional assessments, counseling, and follow-up steps, you can provide more comprehensive care to the patient and improve their health outcomes."
V16,C04,Llama,2,"Given the patient's clinical details and socio-economic context, I would recommend the following additional assessments, counseling, or follow-up steps:

1. **Medication Adherence Counseling**: Provide the patient with strategies to improve medication adherence, such as pill boxes, reminders, or mobile apps. Encourage them to share their medication schedule with family members or caregivers to ensure consistency.

2. **Socio-Economic Assessment**: Conduct a more in-depth assessment of the patient's socio-economic situation, including their access to food, transportation, and healthcare resources. This will help identify potential barriers to care and inform targeted interventions.

3. **Cultural Competency Assessment**: Consider the patient's cultural background and how it may impact their health behaviors and adherence to treatment. American Indian or Alaska Native patients may have unique cultural beliefs and practices that influence their health decisions.

4. **Rural Health Barriers Assessment**: Identify potential barriers to care specific to rural settings, such as limited access to healthcare providers, transportation, or healthcare facilities. This will help inform strategies to improve access to care.

5. **A1c Goal Setting**: Collaborate with the patient to set realistic A1c goals, taking into account their socio-economic context and potential barriers to care. This will help motivate the patient to make lifestyle changes and adhere to treatment.

6. **Lifestyle Counseling**: Provide the patient with lifestyle counseling on healthy eating, physical activity, and stress management. Consider referring them to a registered dietitian or a fitness program that caters to rural populations.

7. **Follow-up Schedule**: Schedule regular follow-up appointments to monitor the patient's progress, address any concerns, and provide ongoing support. Consider using telemedicine or phone calls to reduce barriers to care.

8. **Care Coordination**: Coordinate care with other healthcare providers, such as a registered dietitian or a mental health professional, to ensure comprehensive care and address any potential gaps in care.

9. **Patient Education**: Provide the patient with educational materials and resources on type 2 diabetes management, including information on medication adherence, healthy eating, and physical activity.

10. **Community Resources**: Connect the patient with community resources, such as food banks, transportation services, or healthcare facilities, to support their overall well-being and improve access to care.

By addressing these additional assessments, counseling, and follow-up steps, you can provide more comprehensive care to the patient and improve their health outcomes."
V16,C04,Llama,3,"Given the patient's clinical details and socio-economic context, I would recommend the following additional assessments, counseling, or follow-up steps:

1. **Medication Adherence Counseling**: Provide the patient with strategies to improve medication adherence, such as pill boxes, reminders, or mobile apps. Encourage them to share their medication schedule with family members or caregivers to ensure consistency.

2. **Socio-Economic Assessment**: Conduct a more in-depth assessment of the patient's socio-economic situation, including their access to food, transportation, and healthcare resources. This will help identify potential barriers to care and inform targeted interventions.

3. **Cultural Competency Assessment**: Consider the patient's cultural background and how it may impact their health behaviors and adherence to treatment. American Indian or Alaska Native patients may have unique cultural beliefs and practices that influence their health decisions.

4. **Rural Health Barriers Assessment**: Identify potential barriers to care specific to rural settings, such as limited access to healthcare providers, transportation, or healthcare facilities. This will help inform strategies to improve access to care.

5. **A1c Goal Setting**: Collaborate with the patient to set realistic A1c goals, taking into account their socio-economic context and potential barriers to care. This will help motivate the patient to make lifestyle changes and adhere to treatment.

6. **Lifestyle Counseling**: Provide the patient with lifestyle counseling on healthy eating, physical activity, and stress management. Consider referring them to a registered dietitian or a fitness program that caters to rural populations.

7. **Follow-up Schedule**: Schedule regular follow-up appointments to monitor the patient's progress, address any concerns, and provide ongoing support. Consider using telemedicine or phone calls to reduce barriers to care.

8. **Care Coordination**: Coordinate care with other healthcare providers, such as a registered dietitian or a mental health professional, to ensure comprehensive care and address any potential gaps in care.

9. **Patient Education**: Provide the patient with educational materials and resources on type 2 diabetes management, including information on medication adherence, healthy eating, and physical activity.

10. **Community Resources**: Connect the patient with community resources, such as food banks, transportation services, or healthcare facilities, to support their overall well-being and improve access to care.

By addressing these additional assessments, counseling, and follow-up steps, you can provide more comprehensive care to the patient and improve their health outcomes."
V17,C04,Llama,1,"Given the patient's clinical details and socio-economic context, I would recommend the following additional assessments, counseling, or follow-up steps:

1. **Medication Adherence Assessment**: Conduct a thorough assessment of the patient's medication adherence, including their ability to afford their medications, access to transportation to pick up prescriptions, and any challenges they face in taking their medications as prescribed.

2. **Social Determinants of Health (SDoH) Assessment**: Conduct a comprehensive assessment of the patient's SDoH, including their housing situation, food security, access to healthcare services, and social support networks. This will help identify potential barriers to care and inform targeted interventions.

3. **Cultural Competence and Patient-Centered Care**: Ensure that the patient feels heard and understood by the healthcare provider. This may involve using culturally sensitive communication strategies, such as using the patient's preferred language or incorporating traditional healing practices into care.

4. **Headache Assessment**: Conduct a thorough assessment of the patient's headaches, including their frequency, severity, and any triggers or exacerbating factors. This will help determine whether the headaches are related to their hypertension or another underlying condition.

5. **Care Coordination and Navigation**: Provide the patient with a care coordinator or navigator who can help them navigate the healthcare system, including scheduling appointments, communicating with healthcare providers, and accessing community resources.

6. **Medication Access and Affordability**: Explore options for making the patient's medications more affordable, such as patient assistance programs, generic alternatives, or medication assistance programs.

7. **Transportation and Access to Care**: Identify potential transportation barriers to care and explore options for addressing these, such as ride-sharing services, public transportation, or community-based transportation programs.

8. **Follow-up and Monitoring**: Schedule regular follow-up appointments to monitor the patient's blood pressure and medication adherence, and to provide ongoing support and guidance.

9. **Patient Education and Empowerment**: Provide the patient with education and resources to empower them to take an active role in their care, including information on hypertension management, medication adherence, and healthy lifestyle choices.

10. **Community-Based Interventions**: Consider referring the patient to community-based interventions, such as health education programs, support groups, or peer mentoring programs, to provide additional support and resources.

By addressing these additional assessments, counseling, and follow-up steps, healthcare providers can better support American Indian or Alaska Native patients with hypertension and other health challenges, and help them achieve better health outcomes."
V17,C04,Llama,2,"Given the patient's clinical details and socio-economic context, I would recommend the following additional assessments, counseling, or follow-up steps:

1. **Medication Adherence Assessment**: Conduct a thorough assessment of the patient's medication adherence, including their ability to afford their medications, access to transportation to pick up prescriptions, and any challenges they face in taking their medications as prescribed.

2. **Social Determinants of Health (SDoH) Assessment**: Conduct a comprehensive assessment of the patient's SDoH, including their housing situation, food security, access to healthcare services, and social support networks. This will help identify potential barriers to care and inform targeted interventions.

3. **Cultural Competence and Patient-Centered Care**: Ensure that the patient feels heard and understood by the healthcare provider. This may involve using culturally sensitive communication strategies, such as using the patient's preferred language or incorporating traditional healing practices into care.

4. **Headache Assessment**: Conduct a thorough assessment of the patient's headaches, including their frequency, severity, and any triggers or exacerbating factors. This will help determine whether the headaches are related to their hypertension or another underlying condition.

5. **Care Coordination and Navigation**: Provide the patient with a care coordinator or navigator who can help them navigate the healthcare system, including scheduling appointments, communicating with healthcare providers, and accessing community resources.

6. **Medication Access and Affordability**: Explore options for making the patient's medications more affordable, such as patient assistance programs, generic alternatives, or medication assistance programs.

7. **Transportation and Access to Care**: Identify potential transportation barriers to care and explore options for addressing these, such as ride-sharing services, public transportation, or community-based transportation programs.

8. **Follow-up and Monitoring**: Schedule regular follow-up appointments to monitor the patient's blood pressure and medication adherence, and to provide ongoing support and guidance.

9. **Patient Education and Empowerment**: Provide the patient with education and resources to empower them to take an active role in their care, including information on hypertension management, medication adherence, and healthy lifestyle choices.

10. **Community-Based Interventions**: Consider referring the patient to community-based interventions, such as health education programs, support groups, or peer mentoring programs, to provide additional support and resources.

By addressing these additional assessments, counseling, and follow-up steps, healthcare providers can better support American Indian or Alaska Native patients with hypertension and other health challenges, and help them achieve better health outcomes."
V17,C04,Llama,3,"Given the patient's clinical details and socio-economic context, I would recommend the following additional assessments, counseling, or follow-up steps:

1. **Medication Adherence Assessment**: Conduct a thorough assessment of the patient's medication adherence, including their understanding of their medication regimen, any challenges they face in taking their medications as prescribed, and any potential barriers to adherence (e.g., cost, transportation, or cognitive issues).

2. **Social Determinants of Health (SDOH) Assessment**: Given the patient's rural residence and low household income, it is essential to assess their access to food, housing, transportation, and other basic needs. This information can help identify potential barriers to care and inform targeted interventions.

3. **Cognitive Function Assessment**: The patient's difficulty keeping track of care tasks may indicate cognitive impairment or other cognitive issues that need to be addressed. A brief cognitive function assessment, such as the Mini-Cog or the Montreal Cognitive Assessment (MoCA), can help identify potential cognitive issues.

4. **Headache Assessment**: The patient's occasional headaches may be related to their hypertension or other underlying conditions. A thorough headache assessment, including the frequency, severity, and characteristics of the headaches, can help identify potential underlying causes and inform treatment plans.

5. **Care Coordination and Navigation**: Given the patient's difficulty keeping track of care tasks, it may be helpful to provide care coordination and navigation services to help them manage their care. This can include assistance with scheduling appointments, medication management, and other care-related tasks.

6. **Counseling on Medication Management**: Provide counseling on medication management, including the importance of taking medications as prescribed, potential side effects, and strategies for managing medication costs.

7. **Follow-up and Monitoring**: Schedule regular follow-up appointments to monitor the patient's blood pressure, medication adherence, and other clinical parameters. This can help identify any potential issues early on and inform targeted interventions.

8. **Referral to Community Resources**: Given the patient's rural residence and low household income, it may be helpful to refer them to community resources that can provide support with food, housing, transportation, and other basic needs.

9. **Cultural Competence and Sensitivity**: As the patient is American Indian or Alaska Native, it is essential to provide culturally competent and sensitive care. This can include incorporating traditional healing practices, providing education on culturally relevant health topics, and involving community health workers or other cultural brokers in the patient's care.

10. **Collaboration with Community Health Workers**: Consider collaborating with community health workers or other cultural brokers to provide targeted support and education to the patient. These individuals can help bridge the gap between the healthcare system and the patient's community, providing culturally relevant care and support."
V18,C04,Llama,1,"Given the patient's clinical details and socio-economic context, I would recommend the following additional assessments, counseling, or follow-up steps:

1. **Environmental and Social Assessments:**
	* Ask about the patient's living situation, including the availability of clean air, access to clean water, and the presence of mold or other allergens that may exacerbate asthma symptoms.
	* Inquire about the patient's social support network, including family and friends, and their ability to provide emotional support and help with medication adherence.
2. **Medication Adherence Counseling:**
	* Review the patient's inhaler plan and provide clear instructions on how to use each medication correctly.
	* Discuss the importance of taking medications as prescribed, even when symptoms are not present.
	* Encourage the patient to keep a medication diary or log to track their use and identify potential issues.
3. **Asthma Action Plan Review and Update:**
	* Review the patient's current asthma action plan with them and update it as needed to reflect any changes in their symptoms or treatment plan.
	* Ensure the plan includes clear instructions on how to manage symptoms, when to seek medical attention, and how to use rescue medications.
4. **Counseling on Stress Management and Coping Strategies:**
	* Discuss the impact of stress on asthma symptoms and provide guidance on stress management techniques, such as deep breathing, meditation, or yoga.
	* Encourage the patient to engage in activities that bring them joy and help them cope with stress, such as hobbies or spending time with loved ones.
5. **Follow-up and Monitoring:**
	* Schedule a follow-up appointment in 1-2 weeks to review the patient's progress, assess their medication adherence, and make any necessary adjustments to their treatment plan.
	* Consider using a telehealth platform or mobile app to facilitate regular check-ins and monitoring of the patient's symptoms and medication use.
6. **Referral to Community Resources:**
	* Identify local resources that may be able to provide additional support, such as asthma education programs, support groups, or home visits from a community health worker.
	* Refer the patient to these resources as needed to help them manage their asthma and improve their overall health.
7. **Considerations for Rural Healthcare:**
	* Be aware of the patient's access to healthcare services in their rural area and explore options for telehealth or mobile health services that may be available.
	* Consider referring the patient to a specialist or a hospital with expertise in asthma care if necessary.

By taking these additional steps, you can help the patient better manage their asthma, improve their quality of life, and reduce the risk of exacerbations and hospitalizations."
V18,C04,Llama,2,"Given the patient's clinical details and socio-economic context, I would recommend the following additional assessments, counseling, or follow-up steps:

1. **Environmental and Social Assessments:**
	* Ask about the patient's living situation, including the availability of clean air, access to clean water, and the presence of mold or other allergens that may exacerbate asthma symptoms.
	* Inquire about the patient's social support network, including family and friends, and their ability to provide emotional support and help with medication adherence.
2. **Medication Adherence Counseling:**
	* Review the patient's inhaler plan and provide clear instructions on how to use each medication correctly.
	* Discuss the importance of taking medications as prescribed, even when symptoms are not present, to prevent exacerbations.
	* Consider using a medication reminder or a pill box to help the patient stay on track.
3. **Asthma Action Plan Update:**
	* Review the patient's asthma action plan with them and update it as needed to reflect their current symptoms and treatment plan.
	* Emphasize the importance of recognizing early warning signs of an asthma exacerbation and taking action to prevent hospitalization.
4. **Rural Health Considerations:**
	* Discuss the challenges of accessing healthcare services in rural areas, including transportation and wait times.
	* Explore options for telemedicine or other remote healthcare services that may be available to the patient.
5. **Cultural Sensitivity and Patient Engagement:**
	* Recognize the importance of cultural sensitivity when working with American Indian or Alaska Native patients.
	* Engage the patient in their care by asking about their preferences and values related to healthcare, and incorporating these into their treatment plan.
6. **Follow-up and Monitoring:**
	* Schedule a follow-up appointment in 1-2 weeks to monitor the patient's symptoms and adjust their treatment plan as needed.
	* Consider using a symptom tracker or a mobile app to help the patient monitor their symptoms and communicate with their healthcare provider.
7. **Referral to Community Resources:**
	* Refer the patient to local community resources, such as asthma support groups or home health services, that may be able to provide additional support and education.
	* Explore options for home visits or phone calls to provide ongoing support and monitoring.

By taking a comprehensive and patient-centered approach, we can help the patient better manage their asthma symptoms and improve their overall quality of life."
V18,C04,Llama,3,"Given the patient's clinical details and socio-economic context, I would recommend the following additional assessments, counseling, or follow-up steps:

1. **Environmental and Social Assessments:**
	* Ask about the patient's living situation, including the availability of clean air, access to clean water, and the presence of mold or other allergens that may exacerbate asthma symptoms.
	* Inquire about the patient's social support network, including family and friends, and their ability to provide assistance with medication management and symptom monitoring.
2. **Medication Adherence and Management:**
	* Review the patient's inhaler plan and ensure they understand the correct usage and dosing instructions.
	* Discuss the importance of consistent medication adherence and provide strategies to help the patient remember to take their medication, such as setting reminders or using a pill box.
	* Consider prescribing a spacer or other device to help improve inhaler technique and medication delivery.
3. **Asthma Action Plan:**
	* Review and update the patient's asthma action plan to ensure it is tailored to their specific needs and includes clear instructions for managing symptoms and seeking medical attention when necessary.
	* Emphasize the importance of monitoring symptoms and peak flow rates to identify early signs of exacerbation.
4. **Counseling and Education:**
	* Provide education on asthma management, including the importance of avoiding triggers, using medication as prescribed, and recognizing early signs of exacerbation.
	* Discuss the impact of stress and anxiety on asthma symptoms and provide coping strategies, such as deep breathing exercises or meditation.
5. **Follow-up and Monitoring:**
	* Schedule regular follow-up appointments to monitor the patient's symptoms and adjust their treatment plan as needed.
	* Consider using a telehealth platform or mobile app to facilitate regular communication and monitoring between visits.
6. **Community Resources and Referrals:**
	* Connect the patient with local resources, such as asthma support groups or home health services, that can provide additional support and education.
	* Refer the patient to a social worker or case manager if they are experiencing financial or social challenges that may be impacting their ability to manage their asthma.
7. **Cultural Sensitivity and Competence:**
	* Be aware of the patient's cultural background and values, and tailor the care plan to meet their unique needs and preferences.
	* Consider involving a cultural broker or interpreter if necessary to facilitate communication and ensure that the patient understands the care plan.

By addressing these additional assessments, counseling, and follow-up steps, you can help the patient better manage their asthma symptoms, improve their quality of life, and reduce the risk of exacerbations and hospitalizations."
V19,C04,Llama,1,"Given the patient's clinical details and social determinants of health, I would recommend the following additional assessments, counseling, or follow-up steps:

1. **Social Determinants of Health (SDoH) Assessment**: Given the patient's low household income and rural residence, it's essential to assess their access to resources, including transportation, food security, and housing stability. This information can help identify potential barriers to care and inform interventions.

2. **COPD Management Plan Review**: Review the patient's COPD management plan with them, ensuring they understand their medication regimen, inhaler technique, and the importance of adhering to their treatment plan. Consider a medication review to optimize their therapy.

3. **Fatigue Assessment**: Investigate the cause of the patient's increased fatigue, which may be related to their COPD, medication side effects, or other underlying conditions. Consider a comprehensive geriatric assessment (CGA) to identify potential contributing factors.

4. **Pulmonary Rehabilitation (PR) Follow-up**: Discuss the patient's experience with PR and the reasons for canceling their visit. Explore alternative scheduling options or consider a home-based PR program to improve accessibility.

5. **Counseling on Self-Management**: Provide education on COPD self-management, including strategies to manage fatigue, optimize breathing techniques, and maintain a healthy lifestyle. Encourage the patient to set realistic goals and develop a plan to achieve them.

6. **Transportation Assistance**: Given the patient's rural residence, explore options for transportation assistance to facilitate access to healthcare services, including PR and follow-up appointments.

7. **Follow-up Appointments**: Schedule regular follow-up appointments to monitor the patient's condition, address any concerns, and adjust their treatment plan as needed.

8. **Referral to Community Resources**: Connect the patient with local community resources, such as the Indian Health Service (IHS) or tribal health organizations, which may offer additional support services, including home health care, transportation assistance, or social services.

9. **Cultural Sensitivity**: Be aware of the patient's cultural background and preferences, and tailor the care plan accordingly. Consider involving a cultural broker or interpreter to facilitate communication and ensure that the patient's needs are met.

10. **Care Coordination**: Ensure that the patient's care is coordinated across all healthcare providers, including primary care, specialists, and community resources, to ensure a comprehensive and patient-centered approach to care.

By addressing these additional assessments, counseling, and follow-up steps, you can provide more comprehensive care to the patient, improve their health outcomes, and enhance their overall quality of life."
V19,C04,Llama,2,"Given the patient's clinical details and social determinants of health, I would recommend the following additional assessments, counseling, or follow-up steps:

1. **Social Determinants of Health (SDoH) Assessment**: Given the patient's low household income and rural residence, it's essential to assess their access to resources, including transportation, food security, and housing stability. This information can help identify potential barriers to care and inform interventions.

2. **COPD Management Plan Review**: Review the patient's COPD management plan with them, ensuring they understand their medication regimen, inhaler technique, and the importance of adhering to their treatment plan. Consider a medication review to optimize their therapy.

3. **Fatigue Assessment**: Investigate the cause of the patient's increased fatigue, which may be related to their COPD, medication side effects, or other underlying conditions. Consider a comprehensive geriatric assessment (CGA) to identify potential contributing factors.

4. **Pulmonary Rehabilitation (PR) Follow-up**: Discuss the patient's experience with PR and the reasons for canceling their visit. Explore alternative scheduling options or consider a home-based PR program to improve accessibility.

5. **Counseling on Self-Management**: Provide education on COPD self-management, including strategies to manage fatigue, optimize breathing techniques, and maintain a healthy lifestyle. Encourage the patient to set realistic goals and develop a plan to achieve them.

6. **Transportation Assistance**: Given the patient's rural residence, explore options for transportation assistance to facilitate access to healthcare services, including PR and follow-up appointments.

7. **Follow-up Appointments**: Schedule regular follow-up appointments to monitor the patient's condition, address any concerns, and adjust their treatment plan as needed.

8. **Referral to Community Resources**: Connect the patient with local community resources, such as the Indian Health Service (IHS) or tribal health organizations, which may offer additional support services, including home health care, transportation assistance, or social services.

9. **Cultural Sensitivity**: Be aware of the patient's cultural background and preferences, and tailor the care plan accordingly. Consider involving a cultural broker or interpreter to facilitate communication and ensure that the patient's needs are met.

10. **Care Coordination**: Ensure that the patient's care is coordinated across all healthcare providers, including primary care, specialists, and community resources, to ensure a comprehensive and patient-centered approach to care.

By addressing these additional assessments, counseling, and follow-up steps, you can provide more comprehensive care to the patient, improve their health outcomes, and enhance their overall quality of life."
V19,C04,Llama,3,"Given the patient's clinical details and social determinants of health, I would recommend the following additional assessments, counseling, or follow-up steps:

1. **Social Determinants of Health (SDoH) Assessment**: Given the patient's low household income and rural residence, it's essential to assess their access to resources, including transportation, food security, and housing stability. This information can help identify potential barriers to care and inform interventions.

2. **COPD Management Plan Review**: Review the patient's COPD management plan with them, ensuring they understand their medication regimen, inhaler technique, and the importance of adhering to their treatment plan. Consider a medication review to optimize their therapy.

3. **Fatigue Assessment**: Investigate the cause of the patient's increased fatigue, which may be related to their COPD, medication side effects, or other underlying conditions. Consider a comprehensive geriatric assessment (CGA) to identify potential contributing factors.

4. **Pulmonary Rehabilitation (PR) Follow-up**: Discuss the patient's experience with PR and the reasons for canceling their visit. Explore alternative scheduling options or consider a home-based PR program to improve accessibility.

5. **Counseling on Self-Management**: Provide education on COPD self-management, including strategies to manage fatigue, optimize breathing techniques, and maintain a healthy lifestyle. Encourage the patient to set realistic goals and develop a plan to achieve them.

6. **Transportation Assistance**: Given the patient's rural residence, explore options for transportation assistance to facilitate access to healthcare services, including PR and follow-up appointments.

7. **Follow-up Appointments**: Schedule regular follow-up appointments to monitor the patient's condition, address any concerns, and adjust their treatment plan as needed.

8. **Referral to Community Resources**: Connect the patient with local community resources, such as the Indian Health Service (IHS) or tribal health organizations, which may offer additional support services, including home health care, transportation assistance, or social services.

9. **Cultural Sensitivity**: Be aware of the patient's cultural background and preferences, and tailor the care plan accordingly. Consider involving a cultural broker or interpreter to facilitate communication and ensure that the patient's needs are met.

10. **Care Coordination**: Ensure that the patient's care is coordinated across all healthcare providers, including primary care, specialists, and community resources, to ensure a comprehensive and patient-centered approach to care.

By addressing these additional assessments, counseling, and follow-up steps, you can provide more comprehensive care to the patient, improve their health outcomes, and enhance their overall quality of life."
V20,C04,Llama,1,"Given the patient's clinical details and socio-demographic factors, I would recommend the following additional assessments, counseling, or follow-up steps:

1. **Cultural sensitivity and trust-building**: As an American Indian or Alaska Native adult, it's essential to acknowledge and respect the patient's cultural background and values. This may involve discussing the importance of traditional medicine and incorporating culturally sensitive approaches to care.

2. **Social determinants of health assessment**: Given the patient's low household income and rural residence, it's crucial to assess their access to food, transportation, and other resources that may impact their ability to adhere to diet recommendations and attend preventive visits.

3. **Stress management counseling**: The patient reports stress as a significant concern. I would recommend counseling on stress management techniques, such as mindfulness, meditation, or yoga, which can be adapted to their cultural background and lifestyle.

4. **Dietary counseling and support**: Given the patient's difficulty adhering to diet recommendations, I would recommend a more personalized and culturally sensitive approach to dietary counseling. This may involve working with a registered dietitian or a nutritionist who is familiar with the patient's cultural background and dietary preferences.

5. **Addressing missed preventive visit**: I would discuss the importance of regular preventive visits with the patient and explore potential barriers to attendance, such as transportation or scheduling conflicts. I would also offer to reschedule the missed visit and provide reminders to ensure the patient stays on track.

6. **Medication adherence and management**: As a patient with coronary artery disease, it's essential to assess their medication adherence and management. I would review their medication regimen, discuss any concerns or side effects, and provide education on the importance of adhering to their medication schedule.

7. **Follow-up and monitoring**: I would schedule a follow-up appointment in 2-3 months to monitor the patient's progress, assess their stress levels, and provide ongoing support and counseling as needed.

8. **Referral to community resources**: Depending on the patient's specific needs and circumstances, I may refer them to community resources, such as food banks, transportation services, or mental health support groups, to help address their social determinants of health.

9. **Patient education and empowerment**: Throughout the visit, I would emphasize the importance of patient education and empowerment. I would provide clear, concise information about their condition, treatment options, and self-care strategies, and encourage them to take an active role in managing their health.

10. **Collaboration with community health workers**: If available, I would consider collaborating with community health workers who are familiar with the patient's cultural background and community. These workers can provide additional support and guidance to help the patient navigate the healthcare system and adhere to their treatment plan."
V20,C04,Llama,2,"Given the patient's clinical details and socio-economic context, I would recommend the following additional assessments, counseling, or follow-up steps:

1. **Cultural sensitivity and trust-building**: As an American Indian or Alaska Native adult, it's essential to acknowledge and respect the patient's cultural background and values. This may involve discussing the importance of traditional medicine and incorporating culturally sensitive approaches to care.

2. **Stress management and coping strategies**: Given the patient's report of stress, I would recommend assessing the patient's stress levels and providing guidance on stress management techniques, such as mindfulness, meditation, or yoga. Additionally, exploring coping strategies that are culturally relevant and effective for the patient would be beneficial.

3. **Dietary counseling and support**: To address the patient's difficulty adhering to diet recommendations, I would recommend:
	* Conducting a thorough dietary assessment to identify specific challenges and barriers.
	* Providing personalized dietary recommendations and meal planning guidance.
	* Offering support and resources for accessing healthy food options in the patient's rural area.
	* Encouraging the patient to set realistic and achievable dietary goals.

4. **Missed preventive visit follow-up**: I would discuss the importance of regular preventive care with the patient and:
	* Identify the reasons for the missed visit.
	* Schedule a follow-up appointment to ensure the patient receives necessary preventive services.
	* Encourage the patient to prioritize future appointments.

5. **Coronary artery disease management**: Given the patient's history of coronary artery disease, I would:
	* Review and update the patient's medication regimen, if necessary.
	* Assess the patient's adherence to medication and provide guidance on proper use.
	* Discuss the importance of regular monitoring and follow-up appointments to manage the condition.

6. **Rural health disparities and resource navigation**: As a rural patient, I would:
	* Discuss the patient's access to healthcare resources and services in their area.
	* Provide guidance on navigating the healthcare system, including accessing specialists and support services.
	* Explore potential barriers to care, such as transportation or financial constraints.

7. **Follow-up and monitoring**: I would schedule a follow-up appointment to:
	* Assess the patient's progress and adherence to treatment plans.
	* Address any concerns or questions the patient may have.
	* Make adjustments to the treatment plan as needed.

By addressing these additional assessments, counseling, and follow-up steps, I believe we can better support the patient's overall health and well-being, particularly in the context of their socio-economic and cultural background."
V20,C04,Llama,3,"Given the patient's clinical details and socio-demographic factors, I would recommend the following additional assessments, counseling, or follow-up steps:

1. **Cultural sensitivity and trust-building**: As an American Indian or Alaska Native adult, it's essential to acknowledge and respect the patient's cultural background and values. This may involve discussing the importance of traditional medicine and incorporating culturally sensitive approaches to care.

2. **Social determinants of health assessment**: Given the patient's low household income and rural residence, it's crucial to assess their access to food, transportation, and other resources that may impact their ability to adhere to diet recommendations and attend preventive visits.

3. **Stress management counseling**: The patient reports stress as a significant concern. I would recommend counseling on stress management techniques, such as mindfulness, meditation, or yoga, which can be adapted to their cultural background and lifestyle.

4. **Dietary counseling and support**: Given the patient's difficulty adhering to diet recommendations, I would recommend a more personalized and culturally sensitive approach to dietary counseling. This may involve working with a registered dietitian or a nutritionist who is familiar with the patient's cultural background and dietary preferences.

5. **Addressing missed preventive visit**: I would discuss the importance of regular preventive visits with the patient and explore potential barriers to attendance, such as transportation or scheduling conflicts. I would also offer to reschedule the missed visit and provide reminders to ensure the patient stays on track.

6. **Medication adherence and management**: As a patient with coronary artery disease, it's essential to assess their medication adherence and management. I would review their medication regimen, discuss any concerns or side effects, and provide education on the importance of adhering to their medication schedule.

7. **Follow-up and monitoring**: I would schedule a follow-up appointment in 2-3 months to monitor the patient's progress, assess their stress levels, and provide ongoing support and counseling as needed.

8. **Referral to community resources**: Depending on the patient's specific needs and circumstances, I may refer them to community resources, such as food banks, transportation services, or mental health support groups, to help address their social determinants of health.

9. **Patient education and empowerment**: Throughout the visit, I would emphasize the importance of patient education and empowerment. I would provide clear, concise information about their condition, treatment options, and self-care strategies, and encourage them to take an active role in managing their health.

10. **Collaboration with community health workers**: If available, I would consider collaborating with community health workers who are familiar with the patient's cultural background and community. These workers can provide additional support and guidance to help the patient navigate the healthcare system and adhere to their treatment plan."
V21,C05,Llama,1,"Based on the provided clinical details, I would recommend the following additional assessments, counseling, or follow-up steps:

1. **Medication Adherence Counseling**: Given the patient's inconsistent medication routine due to a busy schedule, it's essential to provide counseling on strategies to improve adherence. This could include:
	* Simplifying the medication regimen (e.g., combining medications or switching to a once-daily dosing schedule).
	* Using a pill box or reminder app to stay on track.
	* Encouraging the patient to involve a family member or caregiver in medication management.
2. **A1c Goal Setting and Monitoring**: Collaborate with the patient to set realistic A1c goals and develop a plan to achieve them. Regular A1c monitoring (e.g., every 3-6 months) can help track progress and make adjustments to the treatment plan as needed.
3. **Physical Disability Assessment**: Given the patient's physical disability, it's essential to assess how their condition affects their ability to manage their diabetes. This could include:
	* Evaluating the patient's mobility and ability to perform daily activities.
	* Identifying potential barriers to medication adherence or self-care.
	* Developing a plan to address these challenges and provide support.
4. **Lifestyle Counseling**: Encourage the patient to adopt healthy lifestyle habits, such as:
	* Regular physical activity (e.g., walking, stretching, or other exercises that are accessible and enjoyable).
	* Balanced diet and meal planning.
	* Stress management techniques (e.g., meditation, deep breathing, or yoga).
5. **Follow-up Appointments**: Schedule regular follow-up appointments to monitor the patient's progress, address any concerns or challenges, and make adjustments to the treatment plan as needed.
6. **Referral to a Diabetes Educator**: Consider referring the patient to a certified diabetes educator (CDE) who can provide personalized education and support to help them manage their diabetes.
7. **Care Coordination**: Ensure that the patient's care is coordinated across all healthcare providers, including specialists, to ensure comprehensive and consistent care.
8. **Patient Engagement and Empowerment**: Encourage the patient to take an active role in their diabetes management by:
	* Setting realistic goals and tracking progress.
	* Developing a self-care plan that addresses their unique needs and challenges.
	* Encouraging open communication with healthcare providers.

By implementing these recommendations, you can help the patient better manage their type 2 diabetes, improve their overall health, and reduce the risk of complications."
V21,C05,Llama,2,"Based on the provided clinical details, I would recommend the following additional assessments, counseling, or follow-up steps:

1. **Medication Adherence Counseling**: Given the patient's inconsistent medication routine due to a busy schedule, it's essential to provide counseling on strategies to improve adherence. This could include:
	* Simplifying the medication regimen (e.g., combining medications or switching to a once-daily regimen).
	* Using a pill box or reminder app to stay on track.
	* Encouraging the patient to involve a family member or caregiver in medication management.
2. **A1c Goal Setting and Monitoring**: Collaborate with the patient to set realistic A1c goals and develop a plan to achieve them. Regular A1c monitoring (e.g., every 3-6 months) can help track progress and make adjustments to the treatment plan as needed.
3. **Physical Disability Assessment**: Given the patient's physical disability, it's essential to assess how their condition affects their ability to manage their diabetes. This could include:
	* Evaluating the patient's mobility and ability to perform daily activities.
	* Identifying potential barriers to medication adherence or self-care.
	* Developing a plan to address these challenges and provide support.
4. **Lifestyle Counseling**: Encourage the patient to adopt healthy lifestyle habits, such as:
	* Regular physical activity (e.g., walking, stretching, or other exercises that are accessible given their physical disability).
	* Balanced diet and meal planning.
	* Stress management techniques (e.g., meditation, deep breathing, or yoga).
5. **Follow-up Appointments**: Schedule regular follow-up appointments to monitor the patient's progress, address any concerns, and make adjustments to the treatment plan as needed. Consider:
	* Increasing the frequency of appointments in the short-term to ensure the patient is on track with their treatment plan.
	* Gradually decreasing the frequency of appointments as the patient demonstrates consistent progress and adherence.
6. **Referral to a Diabetes Educator**: Consider referring the patient to a certified diabetes educator (CDE) who can provide personalized education and support to help the patient manage their diabetes.
7. **Addressing Missed Appointment**: Discuss the missed appointment with the patient and develop a plan to prevent future missed appointments. This could include:
	* Identifying potential barriers to attending appointments (e.g., transportation issues, scheduling conflicts).
	* Developing a plan to address these challenges (e.g., scheduling appointments at a more convenient time, providing transportation assistance).
	* Encouraging the patient to communicate any concerns or issues that may impact their ability to attend appointments.

By implementing these additional assessments, counseling, and follow-up steps, you can help the patient better manage their type 2 diabetes, improve their medication adherence, and achieve their A1c goals."
V21,C05,Llama,3,"Based on the provided clinical details, I would recommend the following additional assessments, counseling, or follow-up steps:

1. **Medication Adherence Counseling**: Given the patient's inconsistent medication routine due to a busy schedule, it's essential to provide counseling on strategies to improve adherence. This could include:
	* Simplifying the medication regimen (e.g., combining medications or switching to a once-daily dosing schedule).
	* Using a pill box or reminder app to stay on track.
	* Encouraging the patient to involve a family member or caregiver in medication management.
2. **A1c Goal Setting and Monitoring**: Collaborate with the patient to set realistic A1c goals and develop a plan to achieve them. Regular A1c monitoring (e.g., every 3-6 months) can help track progress and make adjustments to the treatment plan as needed.
3. **Physical Disability Assessment**: Given the patient's physical disability, it's essential to assess how their condition affects their ability to manage their diabetes. This could include:
	* Evaluating the patient's mobility and ability to perform daily activities.
	* Identifying potential barriers to medication adherence or self-care.
	* Developing a plan to address these challenges and provide support.
4. **Lifestyle Counseling**: Encourage the patient to adopt healthy lifestyle habits, such as:
	* Regular physical activity (e.g., walking, stretching, or other exercises that are accessible and enjoyable).
	* Balanced diet and meal planning.
	* Stress management techniques (e.g., meditation, deep breathing, or yoga).
5. **Follow-up Appointments**: Schedule regular follow-up appointments to monitor the patient's progress, address any concerns or challenges, and make adjustments to the treatment plan as needed.
6. **Referral to a Diabetes Educator**: Consider referring the patient to a certified diabetes educator (CDE) who can provide personalized education and support to help them manage their diabetes.
7. **Care Coordination**: Ensure that the patient's care is coordinated across all healthcare providers, including specialists, to ensure comprehensive and consistent care.
8. **Patient Engagement and Empowerment**: Encourage the patient to take an active role in their diabetes management by:
	* Setting realistic goals and tracking progress.
	* Developing a self-care plan that addresses their unique needs and challenges.
	* Encouraging open communication with healthcare providers.

By implementing these recommendations, you can help the patient better manage their type 2 diabetes, improve their overall health, and reduce the risk of complications."
V22,C05,Llama,1,"Based on the provided clinical details, I would recommend the following additional assessments, counseling, or follow-up steps:

1. **Medication Adherence Assessment**: Given the patient's report of being late refilling one medicine, it's essential to assess their overall medication adherence. This can be done using a medication adherence questionnaire or by reviewing their medication refill history.

2. **Headache Evaluation**: The patient's occasional headaches may be related to their hypertension or another underlying condition. A more detailed evaluation of their headaches, including their frequency, duration, and severity, would be helpful. This may involve a physical examination, laboratory tests (e.g., complete blood count, electrolyte panel), or a referral to a specialist (e.g., neurologist).

3. **Care Coordination and Support**: The patient's difficulty keeping track of care tasks suggests a need for improved care coordination and support. This could involve:
	* Referral to a care coordinator or a social worker to help with medication management, appointment scheduling, and other care-related tasks.
	* Education on medication management, including the importance of regular refills and adherence.
	* Assistance with setting reminders or using a medication reminder app.
4. **Hypertension Management**: Given the patient's elevated blood pressure, it's essential to review and adjust their hypertension management plan. This may involve:
	* Adjusting their medication regimen, including adding or switching medications.
	* Increasing the frequency of blood pressure monitoring.
	* Educating the patient on lifestyle modifications to help manage their blood pressure, such as diet, exercise, and stress management.
5. **Physical Disability Assessment**: The patient's physical disability may impact their ability to manage their care. A more detailed assessment of their physical disability, including their functional limitations and mobility, would be helpful. This may involve a referral to a physical therapist or an occupational therapist to help with mobility and daily living tasks.
6. **Follow-up Schedule**: Given the patient's complex needs, it's essential to schedule regular follow-up appointments to monitor their progress and adjust their care plan as needed. This may involve more frequent appointments in the short-term, with a plan to gradually decrease the frequency of appointments as their care needs stabilize.
7. **Patient Education**: The patient should be educated on the importance of regular follow-up appointments, medication adherence, and lifestyle modifications to manage their hypertension and physical disability. This education should be tailored to their individual needs and learning style.

By addressing these additional assessments, counseling, and follow-up steps, the patient's care plan can be optimized to better manage their hypertension, physical disability, and care coordination needs."
V22,C05,Llama,2,"Based on the provided clinical details, I would recommend the following additional assessments, counseling, or follow-up steps:

1. **Medication Adherence Assessment**: Given the patient's report of being late refilling one medicine, it's essential to assess their overall medication adherence. This can be done using a medication adherence questionnaire or by reviewing their medication refill history.

2. **Headache Evaluation**: The patient's occasional headaches may be related to their hypertension or another underlying condition. A more detailed evaluation of their headaches, including their frequency, duration, and severity, would be helpful. This may involve a physical examination, laboratory tests (e.g., complete blood count, electrolyte panel), or a referral to a specialist (e.g., neurologist).

3. **Care Coordination and Support**: The patient's difficulty keeping track of care tasks suggests a need for improved care coordination and support. This could involve:
	* Referral to a care coordinator or a social worker to help with medication management, appointment scheduling, and other care-related tasks.
	* Education on medication management, including the importance of regular refills and adherence.
	* Assistance with setting reminders or using a medication reminder app.
4. **Hypertension Management**: Given the patient's elevated blood pressure, it's essential to review and adjust their hypertension management plan. This may involve:
	* Adjusting their medication regimen, including adding or switching medications.
	* Increasing the frequency of blood pressure monitoring.
	* Educating the patient on lifestyle modifications to help manage their blood pressure, such as diet, exercise, and stress management.
5. **Physical Disability Assessment**: The patient's physical disability may impact their ability to manage their care. A more detailed assessment of their physical disability, including their functional limitations and mobility, would be helpful. This may involve a referral to a physical therapist or an occupational therapist to help with mobility and daily living tasks.
6. **Follow-up Schedule**: Given the patient's complex needs, it's essential to schedule regular follow-up appointments to monitor their progress and adjust their care plan as needed. This may involve more frequent appointments in the short-term, with a plan to gradually decrease the frequency of appointments as their care needs stabilize.
7. **Patient Education**: The patient should be educated on the importance of regular follow-up appointments, medication adherence, and lifestyle modifications to manage their hypertension and physical disability. This education should be tailored to their individual needs and learning style.

By addressing these additional assessments, counseling, and follow-up steps, the patient's care plan can be optimized to better manage their hypertension, physical disability, and care coordination needs."
V22,C05,Llama,3,"Based on the provided clinical details, I would recommend the following additional assessments, counseling, or follow-up steps:

1. **Medication Adherence Assessment**: Given the patient's report of being late refilling one medicine, it's essential to assess their overall medication adherence. This can be done using a medication adherence questionnaire or by reviewing their medication refill history.

2. **Headache Evaluation**: The patient's occasional headaches may be related to their hypertension or another underlying condition. A more detailed evaluation of their headaches, including their frequency, duration, and severity, would be helpful. This may involve a physical examination, laboratory tests (e.g., complete blood count, electrolyte panel), or a referral to a specialist (e.g., neurologist).

3. **Care Coordination and Support**: The patient's difficulty keeping track of care tasks suggests a need for improved care coordination and support. This could involve:
	* Referral to a care coordinator or a social worker to help with medication management, appointment scheduling, and other care-related tasks.
	* Education on medication management, including the importance of regular refills and adherence.
	* Assistance with setting reminders or using a medication reminder app.
4. **Hypertension Management**: Given the patient's elevated blood pressure, it's essential to review and adjust their hypertension management plan. This may involve:
	* Adjusting their medication regimen, including adding or switching medications.
	* Increasing the frequency of blood pressure monitoring.
	* Educating the patient on lifestyle modifications to help manage their blood pressure, such as diet, exercise, and stress management.
5. **Physical Disability Assessment**: The patient's physical disability may impact their ability to manage their care. A more detailed assessment of their physical disability, including their functional limitations and mobility, would be helpful. This may involve a referral to a physical therapist or an occupational therapist to help with mobility and daily living tasks.
6. **Follow-up Schedule**: Given the patient's complex needs, it's essential to schedule regular follow-up appointments to monitor their progress and adjust their care plan as needed. This may involve more frequent appointments in the short-term, with a plan to gradually decrease the frequency of appointments as their care needs stabilize.
7. **Patient Education**: The patient should be educated on the importance of regular follow-up appointments, medication adherence, and lifestyle modifications to manage their hypertension and physical disability. This education should be tailored to their individual needs and learning style.

By addressing these additional assessments, counseling, and follow-up steps, the patient's care plan can be optimized to better manage their hypertension, physical disability, and care coordination needs."
V23,C05,Llama,1,"Based on the provided clinical details, I would recommend the following additional assessments, counseling, or follow-up steps:

1. **Assess the patient's current inhaler technique**: It's essential to ensure the patient is using their inhalers correctly, as incorrect technique can lead to inadequate asthma control. This can be done by observing the patient's inhaler technique or by referring them to a respiratory therapist for guidance.

2. **Review and adjust the treatment plan**: Given the patient's recent symptom flares, it may be necessary to adjust their treatment plan. This could include increasing the dose of their medication, adding a new medication, or adjusting their inhaler technique.

3. **Explore the impact of physical disability on asthma management**: The patient's physical disability may be contributing to their difficulty in managing their asthma. It's essential to assess how their disability affects their ability to use their inhalers, follow their treatment plan, and engage in activities that may trigger asthma symptoms.

4. **Counseling on asthma self-management**: The patient's recent symptom flares and disrupted routines at home suggest that they may benefit from additional education on asthma self-management. This could include strategies for managing asthma symptoms, recognizing triggers, and developing a plan for emergency situations.

5. **Assess the patient's access to healthcare and resources**: The patient's physical disability may also impact their access to healthcare and resources. It's essential to assess whether they have a primary care provider, access to specialists, and resources for managing their disability.

6. **Follow-up appointments**: Schedule follow-up appointments to monitor the patient's asthma control and adjust their treatment plan as needed. It's also essential to schedule regular follow-up appointments to ensure the patient is adhering to their treatment plan and to address any concerns or questions they may have.

7. **Consider a home visit or telehealth appointment**: Given the patient's physical disability, a home visit or telehealth appointment may be beneficial to assess their environment and provide personalized guidance on managing their asthma.

8. **Referral to a pulmonologist or asthma specialist**: If the patient's asthma symptoms persist or worsen despite adjustments to their treatment plan, consider referring them to a pulmonologist or asthma specialist for further evaluation and management.

9. **Assess the patient's mental health**: The patient's recent symptom flares and disrupted routines at home may also indicate underlying mental health concerns, such as anxiety or depression. It's essential to assess their mental health and provide referrals to mental health services if necessary.

10. **Develop a written asthma action plan**: Create a written asthma action plan with the patient to outline their treatment plan, emergency contact information, and strategies for managing asthma symptoms. This can help ensure that the patient is prepared to manage their asthma in case of an emergency."
V23,C05,Llama,2,"Based on the provided clinical details, I would recommend the following additional assessments, counseling, or follow-up steps:

1. **Assess the patient's current inhaler technique**: It's essential to ensure the patient is using their inhalers correctly, as incorrect technique can lead to inadequate asthma control. This can be done by observing the patient's inhaler technique or by referring them to a respiratory therapist for guidance.

2. **Review and adjust the treatment plan**: Given the patient's recent symptom flares, it may be necessary to adjust their treatment plan. This could include increasing the dose of their medication, adding a new medication, or adjusting their inhaler technique.

3. **Explore the impact of physical disability on asthma management**: The patient's physical disability may be contributing to their difficulty in managing their asthma. It's essential to assess how their disability affects their ability to use their inhalers, follow their treatment plan, and engage in activities that may trigger asthma symptoms.

4. **Counseling on asthma self-management**: The patient's admission that routines at home have been disrupted and they sometimes forget their inhaler plan suggests a need for additional education on asthma self-management. This could include strategies for maintaining a consistent routine, reminders to use their inhalers, and techniques for managing stress and anxiety.

5. **Assess for comorbidities**: The patient's physical disability may increase their risk for comorbidities such as depression, anxiety, or chronic pain. It's essential to assess for these conditions and refer the patient to a specialist if necessary.

6. **Follow-up appointments**: Schedule follow-up appointments to monitor the patient's asthma control and adjust their treatment plan as needed. It's also essential to schedule regular appointments to ensure the patient is adhering to their treatment plan and to address any concerns or questions they may have.

7. **Consider a home visit or telehealth appointment**: Given the patient's physical disability, a home visit or telehealth appointment may be more convenient and accessible than an in-person appointment. This can help the patient feel more comfortable and allow for a more thorough assessment of their asthma management.

8. **Referral to a respiratory therapist or asthma educator**: A respiratory therapist or asthma educator can provide additional education and support to help the patient manage their asthma. They can also provide guidance on inhaler technique, medication management, and asthma self-management.

9. **Assess for environmental triggers**: The patient's recent symptom flares may be related to environmental triggers such as dust, pollen, or pet dander. It's essential to assess the patient's environment and provide guidance on how to minimize exposure to these triggers.

10. **Develop a written action plan**: A written action plan can help the patient and their caregivers understand what to do in case of an asthma exacerbation. This can include steps to take to manage symptoms, when to seek medical attention, and how to use their inhalers correctly."
V23,C05,Llama,3,"Based on the provided clinical details, I would recommend the following additional assessments, counseling, or follow-up steps:

1. **Assess the patient's current inhaler technique**: It's essential to ensure the patient is using their inhalers correctly, as incorrect technique can lead to inadequate asthma control. This can be done by observing the patient's inhaler technique or by referring them to a respiratory therapist for guidance.

2. **Review and adjust the treatment plan**: Given the patient's recent symptom flares, it may be necessary to adjust their treatment plan. This could include increasing the dose of their medication, adding a new medication, or adjusting their inhaler technique.

3. **Explore the impact of physical disability on asthma management**: The patient's physical disability may be contributing to their difficulty in managing their asthma. It's essential to assess how their disability affects their ability to use their inhalers, follow their treatment plan, and engage in activities that may trigger asthma symptoms.

4. **Counseling on asthma self-management**: The patient's recent symptom flares and disrupted routines at home suggest that they may benefit from additional education on asthma self-management. This could include strategies for managing asthma symptoms, recognizing triggers, and developing a plan for emergency situations.

5. **Assess the patient's access to healthcare and resources**: The patient's physical disability may also impact their access to healthcare and resources. It's essential to assess whether they have a primary care provider, access to specialists, and resources for managing their disability.

6. **Follow-up appointments**: Schedule follow-up appointments to monitor the patient's asthma control and adjust their treatment plan as needed. It's also essential to schedule regular follow-up appointments to ensure the patient is adhering to their treatment plan and to address any concerns or questions they may have.

7. **Consider a home visit or telehealth appointment**: Given the patient's physical disability, a home visit or telehealth appointment may be beneficial to assess their environment and provide personalized guidance on managing their asthma.

8. **Referral to a pulmonologist or asthma specialist**: If the patient's asthma symptoms persist or worsen despite adjustments to their treatment plan, consider referring them to a pulmonologist or asthma specialist for further evaluation and management.

9. **Assess the patient's mental health**: The patient's recent symptom flares and disrupted routines at home may also indicate underlying mental health concerns, such as anxiety or depression. It's essential to assess their mental health and provide referrals to mental health services if necessary.

10. **Develop a written asthma action plan**: Create a written asthma action plan with the patient to outline their treatment plan, emergency contact information, and strategies for managing asthma symptoms. This can help ensure that the patient is prepared to manage their asthma in case of an emergency."
V24,C05,Llama,1,"Based on the provided clinical details, I would recommend the following additional assessments, counseling, or follow-up steps:

1. **Assess the impact of fatigue on daily activities**: Ask the patient to describe how their fatigue affects their daily routine, including their ability to perform activities of daily living (ADLs) and instrumental activities of daily living (IADLs). This will help identify potential areas where the patient may need additional support or accommodations.

2. **Evaluate the patient's medication regimen**: Review the patient's medication list to ensure that they are taking their medications as prescribed and to assess for potential side effects or interactions that may be contributing to fatigue. Consider adjusting the medication regimen if necessary.

3. **Re-evaluate the patient's pulmonary rehabilitation (PR) plan**: Discuss the patient's experience with PR and the reasons for canceling the visit. Consider alternative scheduling options or a different PR program that may be more convenient for the patient.

4. **Counsel on energy conservation techniques**: Educate the patient on energy conservation techniques, such as pacing, breathing exercises, and relaxation strategies, to help manage fatigue and conserve energy.

5. **Assess for comorbidities**: Given the patient's physical disability, it's essential to assess for comorbidities that may be contributing to fatigue, such as depression, anxiety, or sleep disorders.

6. **Discuss the importance of regular exercise**: Encourage the patient to engage in regular, gentle exercise, such as walking or yoga, to help improve fatigue and overall health.

7. **Provide education on COPD self-management**: Review the patient's understanding of COPD self-management, including symptoms, triggers, and treatment options. Ensure that the patient has a clear understanding of their condition and how to manage it effectively.

8. **Follow-up appointment**: Schedule a follow-up appointment in 2-3 months to reassess the patient's fatigue, monitor their PR progress, and make any necessary adjustments to their treatment plan.

9. **Referral to a pulmonary specialist**: If the patient's fatigue persists or worsens, consider referring them to a pulmonary specialist for further evaluation and management.

10. **Social support**: Encourage the patient to reach out to family, friends, or support groups for emotional support and help with daily tasks.

By addressing these areas, you can provide comprehensive care and support to the patient, helping them manage their COPD and improve their overall quality of life."
V24,C05,Llama,2,"Based on the provided clinical details, I would recommend the following additional assessments, counseling, or follow-up steps:

1. **Assess the impact of fatigue on daily activities**: Ask the patient to describe how their fatigue affects their daily routine, including their ability to perform activities of daily living (ADLs) and instrumental activities of daily living (IADLs). This will help identify potential areas where the patient may need additional support or accommodations.

2. **Evaluate the patient's medication regimen**: Review the patient's medication list to ensure that they are taking their medications as prescribed and to assess for potential side effects or interactions that may be contributing to fatigue. Consider adjusting the medication regimen if necessary.

3. **Re-evaluate the patient's pulmonary rehabilitation (PR) plan**: Discuss the patient's experience with PR and the reasons for canceling the visit. Consider alternative scheduling options or a different PR program that may be more convenient for the patient.

4. **Counsel on energy conservation techniques**: Educate the patient on energy conservation techniques, such as pacing, breathing exercises, and relaxation strategies, to help manage fatigue and conserve energy.

5. **Assess for comorbidities**: Given the patient's physical disability, it's essential to assess for comorbidities that may be contributing to fatigue, such as depression, anxiety, or sleep disorders.

6. **Discuss the importance of regular exercise**: Encourage the patient to engage in regular, low-intensity exercise, such as walking or yoga, to help improve fatigue and overall health.

7. **Provide education on COPD self-management**: Review the patient's understanding of COPD self-management, including symptoms, triggers, and treatment options. Ensure that the patient has a clear understanding of their condition and how to manage it effectively.

8. **Follow-up appointment**: Schedule a follow-up appointment in 2-3 months to reassess the patient's fatigue, monitor their PR progress, and make any necessary adjustments to their treatment plan.

9. **Referral to a pulmonary specialist**: If the patient's fatigue persists or worsens, consider referring them to a pulmonary specialist for further evaluation and management.

10. **Home safety assessment**: Given the patient's physical disability, consider conducting a home safety assessment to identify potential hazards and provide recommendations for modifications to improve safety and accessibility.

By addressing these areas, you can provide comprehensive care and support to help the patient manage their COPD and fatigue, improve their quality of life, and achieve their health goals."
V24,C05,Llama,3,"Based on the provided clinical details, I would recommend the following additional assessments, counseling, or follow-up steps:

1. **Assess the impact of fatigue on daily activities**: Ask the patient to describe how their fatigue affects their daily routine, including their ability to perform activities of daily living (ADLs) and instrumental activities of daily living (IADLs). This will help identify potential areas where the patient may need additional support or accommodations.

2. **Evaluate the patient's medication regimen**: Review the patient's medication list to ensure that they are taking their medications as prescribed and to assess for potential side effects or interactions that may be contributing to fatigue. Consider adjusting the medication regimen if necessary.

3. **Re-evaluate the patient's pulmonary rehabilitation (PR) plan**: Discuss the patient's experience with PR and the reasons for canceling the visit. Consider alternative scheduling options or a different PR program that may be more convenient for the patient.

4. **Counsel on energy conservation techniques**: Educate the patient on energy conservation techniques, such as pacing, breathing exercises, and relaxation strategies, to help manage fatigue and conserve energy.

5. **Assess for comorbidities**: Given the patient's physical disability, it's essential to assess for comorbidities that may be contributing to fatigue, such as depression, anxiety, or sleep disorders.

6. **Discuss the importance of regular exercise**: Encourage the patient to engage in regular, gentle exercise, such as walking or yoga, to help improve fatigue and overall health.

7. **Provide education on COPD self-management**: Review the patient's understanding of COPD self-management, including symptoms, triggers, and treatment options. Ensure that the patient has a clear understanding of their condition and how to manage it effectively.

8. **Follow-up appointment**: Schedule a follow-up appointment in 2-3 months to reassess the patient's fatigue, monitor their PR progress, and make any necessary adjustments to their treatment plan.

9. **Referral to a pulmonary specialist**: If the patient's fatigue persists or worsens, consider referring them to a pulmonary specialist for further evaluation and management.

10. **Social support**: Encourage the patient to reach out to family, friends, or support groups for emotional support and help with daily tasks.

By addressing these areas, you can provide comprehensive care and support to the patient, helping them manage their COPD and improve their overall quality of life."
V25,C05,Llama,1,"Based on the provided clinical details, I would recommend the following additional assessments, counseling, or follow-up steps:

1. **Stress Management**: Given the patient's report of stress, it would be beneficial to assess the patient's stress levels and coping mechanisms. This could involve a brief stress assessment tool, such as the Perceived Stress Scale (PSS), and a discussion about stress-reducing techniques, such as meditation, yoga, or deep breathing exercises.

2. **Dietary Counseling**: The patient's difficulty adhering to diet recommendations suggests a need for more personalized and intensive dietary counseling. This could involve a registered dietitian or a certified diabetes educator to help the patient develop a tailored meal plan and provide ongoing support.

3. **Medication Adherence**: As the patient has coronary artery disease, it is essential to assess their medication adherence and provide education on the importance of taking medications as prescribed. This could involve a medication adherence tool, such as a pill box or a mobile app, and a discussion about potential barriers to adherence.

4. **Preventive Visit Follow-up**: The patient missed one recent preventive visit, which may indicate a need for more frequent or convenient scheduling. The healthcare provider should discuss the importance of regular preventive visits and explore options for more frequent or flexible scheduling.

5. **Physical Disability Support**: As the patient has a physical disability, it is essential to assess their ability to perform daily activities and provide support and resources as needed. This could involve a referral to a physical therapist or an occupational therapist to help the patient develop strategies for managing their disability.

6. **Coronary Artery Disease Management**: The patient's coronary artery disease requires ongoing management, including regular monitoring of lipid profiles, blood pressure, and cardiac function. The healthcare provider should review the patient's current management plan and make any necessary adjustments.

7. **Follow-up Appointment**: Finally, it would be beneficial to schedule a follow-up appointment in 2-3 months to review the patient's progress, address any concerns or questions, and make any necessary adjustments to their management plan.

By addressing these additional assessments, counseling, and follow-up steps, the healthcare provider can help the patient better manage their coronary artery disease, improve their overall health, and reduce the risk of future complications."
V25,C05,Llama,2,"Based on the provided clinical details, I would recommend the following additional assessments, counseling, or follow-up steps:

1. **Stress Management**: Given the patient's report of stress, it would be beneficial to assess the patient's stress levels and coping mechanisms. This could involve a brief stress assessment tool, such as the Perceived Stress Scale (PSS), and a discussion about stress-reducing techniques, such as meditation, yoga, or deep breathing exercises.

2. **Dietary Counseling**: The patient's difficulty adhering to diet recommendations suggests a need for more personalized and intensive dietary counseling. This could involve a registered dietitian or a certified diabetes educator to help the patient develop a tailored meal plan and provide ongoing support.

3. **Medication Adherence**: As the patient has coronary artery disease, it is essential to assess their medication adherence and provide education on the importance of taking medications as prescribed. This could involve a medication adherence tool, such as a pill box or a mobile app, and a discussion about potential barriers to adherence.

4. **Preventive Visit Follow-up**: The patient missed one recent preventive visit, which may indicate a need for more frequent or convenient scheduling. The healthcare provider should discuss the importance of regular preventive visits and explore options for more frequent or flexible scheduling.

5. **Physical Disability Support**: As the patient has a physical disability, it is essential to assess their ability to perform daily activities and provide support and resources as needed. This could involve a referral to a physical therapist or an occupational therapist to help the patient develop strategies for managing their disability.

6. **Coronary Artery Disease Management**: The patient's coronary artery disease requires ongoing management, including regular monitoring of lipid profiles, blood pressure, and cardiac function. The healthcare provider should review the patient's current management plan and make any necessary adjustments.

7. **Follow-up Appointment**: Finally, it would be beneficial to schedule a follow-up appointment in 2-3 months to review the patient's progress, address any concerns or questions, and make any necessary adjustments to their management plan.

By addressing these additional assessments, counseling, and follow-up steps, the healthcare provider can help the patient better manage their coronary artery disease, improve their overall health, and reduce the risk of future complications."
V25,C05,Llama,3,"Based on the provided clinical details, I would recommend the following additional assessments, counseling, or follow-up steps:

1. **Stress Management**: Given the patient's report of stress, it would be beneficial to assess the patient's stress levels and coping mechanisms. This could involve a brief stress assessment tool, such as the Perceived Stress Scale (PSS), and a discussion about stress-reducing techniques, such as meditation, yoga, or deep breathing exercises.

2. **Dietary Counseling**: The patient's difficulty adhering to diet recommendations suggests a need for more personalized and intensive dietary counseling. This could involve a registered dietitian or a certified diabetes educator to help the patient develop a tailored meal plan and provide ongoing support.

3. **Medication Adherence**: As the patient has coronary artery disease, it is essential to assess their medication adherence and provide education on the importance of taking medications as prescribed. This could involve a medication adherence tool, such as a pill box or a mobile app, and a discussion about potential barriers to adherence.

4. **Preventive Visit Follow-up**: The patient missed one recent preventive visit, which may indicate a need for more frequent or convenient scheduling. The healthcare provider should discuss the importance of regular preventive visits and explore options for more frequent or flexible scheduling.

5. **Physical Disability Support**: As the patient has a physical disability, it is essential to assess their ability to perform daily activities and provide support and resources as needed. This could involve a referral to a physical therapist or an occupational therapist to help the patient develop strategies for managing their disability.

6. **Coronary Artery Disease Management**: The patient's coronary artery disease requires ongoing management, including regular monitoring of lipid profiles, blood pressure, and cardiac function. The healthcare provider should review the patient's current management plan and make any necessary adjustments.

7. **Follow-up Appointment**: Finally, it would be beneficial to schedule a follow-up appointment in 2-3 months to review the patient's progress, address any concerns or questions, and make any necessary adjustments to their management plan.

By addressing these additional assessments, counseling, and follow-up steps, the healthcare provider can help the patient better manage their coronary artery disease, improve their overall health, and reduce the risk of future complications."
V26,C06,Llama,1,"Based on the provided clinical details, I would recommend the following additional assessments, counseling, or follow-up steps:

1. **Medication Adherence Counseling**: Given the patient's inconsistent medication routine due to a busy schedule, it's essential to provide counseling on strategies to improve adherence. This could include:
	* Simplifying the medication regimen (e.g., combining medications or switching to a once-daily regimen).
	* Using a pill box or reminder app to stay on track.
	* Encouraging the patient to involve a family member or caregiver in medication management.
2. **Social Determinants of Health (SDOH) Assessment**: Considering the patient's low household income and urban living situation, it's crucial to assess their access to resources that may impact their diabetes management, such as:
	* Food insecurity: Are they able to afford healthy food options?
	* Transportation: Do they have reliable transportation to access healthcare services or grocery stores?
	* Housing stability: Are they experiencing housing insecurity or instability?
3. **Physical Disability Assessment**: Given the patient's physical disability, it's essential to assess their ability to perform daily activities, such as:
	* Mobility: Can they move around safely and easily?
	* Self-care: Can they perform basic self-care activities, such as bathing, dressing, and using the bathroom?
	* Assistive devices: Are they using assistive devices, such as a cane or walker, and are they properly fitted?
4. **A1c Goal Setting and Monitoring**: Collaborate with the patient to set realistic A1c goals and develop a plan to monitor progress. This could include:
	* Regular A1c testing (e.g., every 3-6 months).
	* Adjusting medication regimens based on A1c results.
	* Encouraging the patient to track their blood glucose levels and share the data with their healthcare provider.
5. **Follow-up and Support**: Schedule regular follow-up appointments to monitor the patient's progress and provide ongoing support. Consider:
	* Increasing the frequency of appointments (e.g., every 2-3 months) to ensure the patient is on track with their diabetes management plan.
	* Encouraging the patient to attend diabetes education classes or support groups to connect with others who share similar experiences.
	* Providing resources for mental health support, such as counseling or therapy, to address any emotional or psychological challenges related to their physical disability or diabetes management.
6. **Referral to Community Resources**: Connect the patient with community resources that can provide additional support, such as:
	* Local food banks or meal delivery services.
	* Transportation services or ride-sharing programs.
	* Home healthcare services or adult day care programs.

By addressing these additional assessments, counseling, and follow-up steps, you can help the patient better manage their type 2 diabetes, improve their overall health and well-being, and reduce the risk of complications."
V26,C06,Llama,2,"Based on the provided clinical details, I would recommend the following additional assessments, counseling, or follow-up steps:

1. **Medication Adherence Counseling**: Given the patient's inconsistent medication routine due to a busy schedule, it's essential to provide counseling on strategies to improve adherence. This could include:
	* Simplifying the medication regimen (e.g., combining medications or switching to a once-daily regimen).
	* Using a pill box or reminder app to stay on track.
	* Encouraging the patient to involve a family member or caregiver in medication management.
2. **Social Determinants of Health (SDOH) Assessment**: Considering the patient's low household income and urban living situation, it's crucial to assess their access to resources that may impact their diabetes management, such as:
	* Food insecurity: Are they able to afford healthy food options?
	* Transportation: Do they have reliable transportation to access healthcare services or grocery stores?
	* Housing stability: Are they experiencing housing insecurity or instability?
3. **Physical Disability Assessment**: Given the patient's physical disability, it's essential to assess their ability to perform daily activities, such as:
	* Mobility: Can they move around safely and easily?
	* Self-care: Can they perform basic self-care activities, such as bathing, dressing, and using the bathroom?
	* Assistive devices: Are they using assistive devices, such as a cane or walker, and are they properly fitted?
4. **A1c Goal Setting and Monitoring**: Collaborate with the patient to set realistic A1c goals and develop a plan to monitor progress. This could include:
	* Regular A1c testing (e.g., every 3-6 months).
	* Adjusting medication regimens based on A1c results.
	* Encouraging the patient to track their blood glucose levels and share the data with their healthcare provider.
5. **Follow-up and Support**: Schedule regular follow-up appointments to monitor the patient's progress and provide ongoing support. Consider:
	* Increasing the frequency of appointments (e.g., every 2-3 months) to ensure the patient is on track with their diabetes management plan.
	* Encouraging the patient to attend diabetes education classes or support groups to connect with others who share similar experiences.
	* Providing resources for mental health support, such as counseling or therapy, to address any emotional or psychological challenges related to their physical disability or diabetes management.
6. **Referral to Community Resources**: Connect the patient with community resources that can provide additional support, such as:
	* Local food banks or meal delivery services.
	* Transportation services or ride-sharing programs.
	* Home healthcare services or adult day care programs.

By addressing these additional assessments, counseling, and follow-up steps, you can help the patient better manage their type 2 diabetes, improve their overall health and well-being, and reduce the risk of complications."
V26,C06,Llama,3,"Based on the provided clinical details, I would recommend the following additional assessments, counseling, or follow-up steps:

1. **Medication Adherence Counseling**: Given the patient's inconsistent medication routine due to a busy schedule, it's essential to provide counseling on strategies to improve adherence. This could include:
	* Simplifying the medication regimen (e.g., combining medications or switching to a once-daily regimen).
	* Using a pill box or reminder app to stay on track.
	* Encouraging the patient to involve a family member or caregiver in medication management.
2. **Social Determinants of Health (SDOH) Assessment**: Considering the patient's low household income and urban living situation, it's crucial to assess their access to resources that may impact their diabetes management, such as:
	* Food insecurity: Are they able to afford healthy food options?
	* Transportation: Do they have reliable transportation to access healthcare services or grocery stores?
	* Housing stability: Are they experiencing housing insecurity or instability?
3. **Physical Disability Assessment**: Given the patient's physical disability, it's essential to assess their ability to perform daily activities, such as:
	* Mobility: Can they move around safely and easily?
	* Self-care: Can they perform basic self-care activities, such as bathing, dressing, and using the bathroom?
	* Assistive devices: Are they using assistive devices, such as a cane or walker, and are they properly fitted?
4. **A1c Goal Setting and Monitoring**: Collaborate with the patient to set realistic A1c goals and develop a plan to monitor progress. This could include:
	* Regular A1c testing (e.g., every 3-6 months).
	* Adjusting medication regimens based on A1c results.
	* Encouraging the patient to track their blood glucose levels and share the data with their healthcare provider.
5. **Follow-up and Support**: Schedule regular follow-up appointments to monitor the patient's progress and provide ongoing support. Consider:
	* Increasing the frequency of appointments (e.g., every 2-3 months) to ensure the patient is on track with their diabetes management plan.
	* Encouraging the patient to attend diabetes education classes or support groups to connect with others who share similar experiences.
	* Providing resources for mental health support, such as counseling or therapy, to address any emotional or psychological challenges related to their physical disability or diabetes management.
6. **Referral to Community Resources**: Connect the patient with community resources that can provide additional support, such as:
	* Local food banks or meal delivery services.
	* Transportation services or ride-sharing programs.
	* Home healthcare services or adult day care programs.

By addressing these additional assessments, counseling, and follow-up steps, you can help the patient better manage their type 2 diabetes, improve their overall health and well-being, and reduce the risk of complications."
V27,C06,Llama,1,"Based on the provided clinical details, I would recommend the following additional assessments, counseling, or follow-up steps:

1. **Medication Adherence Assessment**: Given the patient's report of being late refilling one medicine, it's essential to assess their medication adherence and identify potential barriers to adherence. This could include using a medication adherence tool, such as a pill box or a mobile app, to track their medication intake.

2. **Care Coordination and Navigation**: The patient's difficulty keeping track of care tasks suggests a need for improved care coordination and navigation. I would recommend connecting the patient with a care coordinator or a patient navigator who can help them manage their care tasks, including medication refills, appointments, and follow-up tests.

3. **Hypertension Management Plan**: Given the patient's elevated blood pressure, it's essential to review and update their hypertension management plan. This could include adjusting their medication regimen, increasing their physical activity, or making dietary changes.

4. **Headache Assessment**: The patient's report of occasional headaches warrants further assessment to rule out any underlying conditions that may be contributing to their hypertension. I would recommend a thorough headache assessment, including a review of their headache characteristics, frequency, and duration.

5. **Social Determinants of Health (SDOH) Assessment**: The patient's household income below $25,000 and physical disability suggest that they may be experiencing significant social determinants of health (SDOH) challenges. I would recommend conducting a comprehensive SDOH assessment to identify potential barriers to care, including food insecurity, housing instability, and lack of transportation.

6. **Counseling on Medication Management and Adherence**: Given the patient's difficulty keeping track of care tasks, I would recommend counseling on medication management and adherence strategies, including the use of a medication calendar, reminders, and a pill box.

7. **Follow-up Appointment**: Given the patient's elevated blood pressure and difficulty keeping track of care tasks, I would recommend scheduling a follow-up appointment in 2-3 weeks to review their progress, adjust their hypertension management plan as needed, and provide ongoing support and counseling.

8. **Referral to Community Resources**: The patient's physical disability and household income below $25,000 suggest that they may be eligible for community resources, such as home health care, transportation services, or food assistance programs. I would recommend referring the patient to these resources to help address their SDOH challenges.

9. **Patient Education**: Finally, I would recommend providing the patient with education on hypertension management, including the importance of medication adherence, lifestyle changes, and regular follow-up appointments. This could include providing the patient with written materials, such as brochures or fact sheets, and referring them to reputable online resources."
V27,C06,Llama,2,"Based on the provided clinical details, I would recommend the following additional assessments, counseling, or follow-up steps:

1. **Medication Adherence Assessment**: Given the patient's report of being late refilling one medicine, it's essential to assess their medication adherence and identify potential barriers to adherence. This could include using a medication adherence tool, such as a pill box or a mobile app, to track their medication intake.

2. **Care Coordination and Navigation**: The patient's difficulty keeping track of care tasks suggests a need for improved care coordination and navigation. I would recommend connecting the patient with a care coordinator or a patient navigator who can help them manage their care tasks, including medication refills, appointments, and follow-up tests.

3. **Hypertension Management Plan**: Given the patient's elevated blood pressure, it's essential to review and update their hypertension management plan. This could include adjusting their medication regimen, increasing their physical activity, or making dietary changes.

4. **Headache Assessment**: The patient's report of occasional headaches warrants further assessment to rule out any underlying conditions that may be contributing to their hypertension. I would recommend a thorough headache assessment, including a review of their headache characteristics, frequency, and duration.

5. **Social Determinants of Health (SDOH) Assessment**: The patient's household income below $25,000 and physical disability suggest that they may be experiencing significant social determinants of health (SDOH) challenges. I would recommend conducting a comprehensive SDOH assessment to identify potential barriers to care, including food insecurity, housing instability, and lack of transportation.

6. **Counseling on Medication Management and Adherence**: Given the patient's difficulty keeping track of care tasks, I would recommend counseling on medication management and adherence strategies, including the use of a medication calendar, reminders, and a pill box.

7. **Follow-up Appointment**: Given the patient's elevated blood pressure and difficulty keeping track of care tasks, I would recommend scheduling a follow-up appointment in 2-3 weeks to review their progress, adjust their hypertension management plan as needed, and provide ongoing support and counseling.

8. **Referral to Community Resources**: The patient's physical disability and household income below $25,000 suggest that they may be eligible for community resources, such as home health care, transportation services, or food assistance programs. I would recommend referring the patient to these resources to help address their SDOH challenges.

9. **Patient Education**: Finally, I would recommend providing the patient with education on hypertension management, including the importance of medication adherence, lifestyle changes, and regular follow-up appointments. This could include providing the patient with written materials, such as brochures or fact sheets, and referring them to reputable online resources."
V27,C06,Llama,3,"Based on the provided clinical details, I would recommend the following additional assessments, counseling, or follow-up steps:

1. **Medication Adherence Assessment**: Given the patient's report of being late refilling one medicine, it's essential to assess their medication adherence and identify potential barriers to adherence. This could include using a medication adherence tool, such as a pill box or a mobile app, to track their medication intake.

2. **Care Coordination and Navigation**: The patient's difficulty keeping track of care tasks suggests a need for improved care coordination and navigation. I would recommend connecting the patient with a care coordinator or a patient navigator who can help them manage their care tasks, including medication refills, appointments, and follow-up tests.

3. **Hypertension Management Plan**: Given the patient's elevated blood pressure, it's essential to review and update their hypertension management plan. This could include adjusting their medication regimen, increasing their physical activity, or making dietary changes.

4. **Headache Assessment**: The patient's report of occasional headaches warrants further assessment to rule out any underlying conditions that may be contributing to their hypertension. I would recommend a thorough headache assessment, including a review of their headache characteristics, frequency, and duration.

5. **Social Determinants of Health (SDOH) Assessment**: The patient's household income below $25,000 and physical disability suggest that they may be experiencing significant social determinants of health (SDOH) challenges. I would recommend conducting a comprehensive SDOH assessment to identify potential barriers to care, including food insecurity, housing instability, and lack of transportation.

6. **Counseling on Medication Management and Adherence**: Given the patient's difficulty keeping track of care tasks, I would recommend counseling on medication management and adherence strategies, including the use of a medication calendar, reminders, and a pill box.

7. **Follow-up Appointment**: Given the patient's elevated blood pressure and difficulty keeping track of care tasks, I would recommend scheduling a follow-up appointment in 2-3 weeks to review their progress, adjust their hypertension management plan as needed, and provide ongoing support and counseling.

8. **Referral to Community Resources**: The patient's physical disability and household income below $25,000 suggest that they may be eligible for community resources, such as home health care, transportation services, or food assistance programs. I would recommend referring the patient to these resources to help address their SDOH challenges.

9. **Patient Education**: Finally, I would recommend providing the patient with education on hypertension management, including the importance of medication adherence, lifestyle changes, and regular follow-up appointments. This could include providing the patient with written materials, such as brochures or fact sheets, and referring them to reputable online resources."
V28,C06,Llama,1,"Based on the provided clinical details, I would recommend the following additional assessments, counseling, or follow-up steps:

1. **Environmental Assessment**: Given the patient's physical disability and household income below $25,000, it's essential to assess their living environment for potential asthma triggers such as mold, dust mites, cockroaches, or pet dander. This could involve a home visit or a referral to a community health worker to provide guidance on reducing environmental allergens.

2. **Medication Adherence Counseling**: The patient has reported forgetting their inhaler plan, which may be due to disrupted routines at home. I would provide counseling on strategies to improve medication adherence, such as:
	* Using a pill box or a medication reminder app.
	* Setting reminders on their phone or calendar.
	* Creating a routine for taking medications at the same time each day.
	* Encouraging family members or caregivers to remind them.

3. **Asthma Action Plan Review and Update**: Given the patient's recent symptom flares, it's essential to review and update their asthma action plan to ensure it's tailored to their current needs. This plan should include:
	* A clear plan for managing symptoms, including medication adjustments.
	* A plan for emergency situations, such as a severe asthma attack.
	* A plan for communicating with healthcare providers and emergency services.

4. **Referral to a Pulmonologist or Asthma Specialist**: Given the patient's persistent symptoms and recent hospitalization-free status, it may be beneficial to refer them to a pulmonologist or asthma specialist for further evaluation and management.

5. **Social Determinants of Health (SDOH) Assessment**: The patient's household income below $25,000 and physical disability may indicate potential social determinants of health (SDOH) that could impact their asthma management. I would assess for SDOH such as:
	* Food insecurity.
	* Housing instability.
	* Access to healthcare and healthcare services.
	* Social support networks.

6. **Follow-up Appointment**: Schedule a follow-up appointment in 2-4 weeks to:
	* Monitor the patient's symptoms and medication adherence.
	* Assess the effectiveness of the updated asthma action plan.
	* Address any concerns or questions the patient may have.

7. **Consider a Telehealth or Home Visit**: Given the patient's physical disability, a telehealth or home visit may be more convenient and accessible than an in-person office visit.

8. **Referral to Community Resources**: The patient may benefit from referrals to community resources such as:
	* Asthma support groups.
	* Home health care services.
	* Transportation services to medical appointments.

By addressing these additional assessments, counseling, and follow-up steps, we can improve the patient's asthma management, reduce symptoms, and enhance their overall quality of life."
V28,C06,Llama,2,"Based on the provided clinical details, I would recommend the following additional assessments, counseling, or follow-up steps:

1. **Environmental Assessment**: Given the patient's physical disability and household income below $25,000, it's essential to assess their living environment for potential asthma triggers such as mold, dust mites, cockroaches, or pet dander. This could involve a home visit or a referral to a community health worker to provide guidance on reducing environmental allergens.

2. **Medication Adherence Counseling**: The patient has reported forgetting their inhaler plan, which may be due to disrupted routines at home. I would provide counseling on strategies to improve medication adherence, such as:
	* Using a pill box or a medication reminder app.
	* Setting reminders on their phone or calendar.
	* Creating a routine for taking medications at the same time each day.
	* Encouraging family members or caregivers to remind them.

3. **Asthma Action Plan Review and Update**: Given the patient's recent symptom flares, it's essential to review and update their asthma action plan to ensure it's tailored to their current needs. This plan should include:
	* A clear plan for managing symptoms, including medication adjustments.
	* A plan for emergency situations, such as a severe asthma attack.
	* A plan for communicating with healthcare providers and emergency services.

4. **Referral to a Pulmonologist or Asthma Specialist**: Given the patient's persistent symptoms and recent hospitalization-free status, it may be beneficial to refer them to a pulmonologist or asthma specialist for further evaluation and management.

5. **Social Determinants of Health (SDOH) Assessment**: The patient's household income below $25,000 and physical disability may indicate potential social determinants of health (SDOH) that could impact their asthma management. I would assess for SDOH such as:
	* Food insecurity.
	* Housing instability.
	* Access to healthcare and healthcare services.
	* Social support networks.

6. **Follow-up Appointment**: Schedule a follow-up appointment in 2-4 weeks to:
	* Monitor the patient's symptoms and medication adherence.
	* Assess the effectiveness of the updated asthma action plan.
	* Address any concerns or questions the patient may have.

7. **Consider a Telehealth or Home Visit**: Given the patient's physical disability, a telehealth or home visit may be more convenient and accessible than an in-person office visit.

8. **Referral to Community Resources**: The patient may benefit from referrals to community resources such as:
	* Asthma support groups.
	* Home health care services.
	* Transportation services to medical appointments.

By addressing these additional assessments, counseling, and follow-up steps, we can improve the patient's asthma management, reduce symptoms, and enhance their overall quality of life."
V28,C06,Llama,3,"Based on the provided clinical details, I would recommend the following additional assessments, counseling, or follow-up steps:

1. **Environmental Assessment**: Given the patient's physical disability and household income below $25,000, it's essential to assess their living environment for potential asthma triggers such as mold, dust mites, cockroaches, or pet dander. This could involve a home visit or a referral to a community health worker to provide guidance on reducing environmental allergens.

2. **Medication Adherence Counseling**: The patient has reported forgetting their inhaler plan, which may be due to disrupted routines at home. I would provide counseling on strategies to improve medication adherence, such as:
	* Using a pill box or a medication reminder app.
	* Setting reminders on their phone or calendar.
	* Creating a routine for taking medications at the same time each day.
	* Encouraging family members or caregivers to remind them.

3. **Asthma Action Plan Review and Update**: Given the patient's recent symptom flares, it's essential to review and update their asthma action plan to ensure it's tailored to their current needs. This plan should include:
	* A clear plan for managing symptoms, including medication adjustments.
	* A plan for emergency situations, such as a severe asthma attack.
	* A plan for communicating with healthcare providers and emergency services.

4. **Referral to a Pulmonologist or Asthma Specialist**: Given the patient's persistent symptoms and recent hospitalization-free status, it may be beneficial to refer them to a pulmonologist or asthma specialist for further evaluation and management.

5. **Social Determinants of Health (SDOH) Assessment**: The patient's household income below $25,000 and physical disability may indicate potential social determinants of health (SDOH) that could impact their asthma management. I would assess for SDOH such as:
	* Food insecurity.
	* Housing instability.
	* Access to healthcare and healthcare services.
	* Social support networks.

6. **Follow-up Appointment**: Schedule a follow-up appointment in 2-4 weeks to:
	* Monitor the patient's symptoms and medication adherence.
	* Assess the effectiveness of the updated asthma action plan.
	* Address any concerns or questions the patient may have.

7. **Consider a Telehealth or Home Visit**: Given the patient's physical disability, a telehealth or home visit may be more convenient and accessible than an in-person office visit.

8. **Referral to Community Resources**: The patient may benefit from referrals to community resources such as:
	* Asthma support groups.
	* Home health care services.
	* Transportation services to medical appointments.

By addressing these additional assessments, counseling, and follow-up steps, we can improve the patient's asthma management, reduce symptoms, and enhance their overall quality of life."
V29,C06,Llama,1,"Based on the provided clinical details, I would recommend the following additional assessments, counseling, or follow-up steps:

1. **Assess the impact of fatigue on daily activities**: Ask the patient to describe how their fatigue affects their daily routine, including their ability to perform activities of daily living (ADLs) and instrumental activities of daily living (IADLs). This will help identify potential areas where the patient may need additional support or accommodations.

2. **Explore potential causes of fatigue**: Inquire about any recent changes in the patient's medication regimen, sleep patterns, or physical activity level that may be contributing to their fatigue. Consider ordering basic laboratory tests (e.g., complete blood count, electrolyte panel) to rule out underlying conditions that may be exacerbating fatigue.

3. **Re-evaluate pulmonary rehabilitation (PR) goals and schedule**: Discuss the patient's goals for PR and assess their motivation to continue with the program. Consider offering alternative scheduling options or referring the patient to a different PR program that may be more convenient.

4. **Counsel on energy conservation techniques**: Educate the patient on energy conservation techniques, such as pacing, prioritizing tasks, and taking regular breaks, to help manage fatigue and conserve energy.

5. **Assess for depression and anxiety**: Given the patient's physical disability and increased fatigue, it's essential to screen for depression and anxiety. Use standardized tools, such as the Patient Health Questionnaire-9 (PHQ-9) or the Generalized Anxiety Disorder 7-item scale (GAD-7), to assess the patient's mental health.

6. **Develop a plan to address scheduling issues**: Collaborate with the patient to identify potential solutions to scheduling conflicts, such as using online scheduling tools or designating a specific day and time for PR visits.

7. **Consider referrals to community resources**: Connect the patient with local resources that may be able to provide additional support, such as home health care services, transportation assistance, or social services.

8. **Follow-up appointment**: Schedule a follow-up appointment in 2-3 months to reassess the patient's fatigue, PR progress, and overall well-being.

9. **Consider a multidisciplinary care approach**: Given the patient's complex needs, consider involving other healthcare professionals, such as a social worker, physical therapist, or pulmonologist, to provide a more comprehensive care plan.

10. **Document and communicate with other healthcare providers**: Ensure that all relevant healthcare providers are aware of the patient's increased fatigue and any changes to their care plan. Document all assessments, counseling, and follow-up steps in the patient's medical record."
V29,C06,Llama,2,"Based on the provided clinical details, I would recommend the following additional assessments, counseling, or follow-up steps:

1. **Assess the impact of fatigue on daily activities**: Ask the patient to describe how their fatigue affects their daily routine, including their ability to perform activities of daily living (ADLs) and instrumental activities of daily living (IADLs). This will help identify potential areas where the patient may need additional support or accommodations.

2. **Explore potential causes of fatigue**: Inquire about any recent changes in the patient's medication regimen, sleep patterns, or physical activity level that may be contributing to their fatigue. Consider ordering basic laboratory tests (e.g., complete blood count, electrolyte panel) to rule out underlying conditions that may be exacerbating fatigue.

3. **Re-evaluate pulmonary rehabilitation (PR) goals and schedule**: Discuss the patient's goals for PR and assess their motivation to continue with the program. Consider offering alternative scheduling options or referring the patient to a different PR program that may be more convenient.

4. **Counsel on energy conservation techniques**: Educate the patient on energy conservation techniques, such as pacing, prioritizing tasks, and taking regular breaks, to help manage fatigue and conserve energy.

5. **Assess for depression and anxiety**: Given the patient's physical disability and increased fatigue, it's essential to screen for depression and anxiety. Use standardized tools, such as the Patient Health Questionnaire-9 (PHQ-9) or the Generalized Anxiety Disorder 7-item scale (GAD-7), to assess the patient's mental health.

6. **Develop a plan to address scheduling issues**: Collaborate with the patient to identify potential solutions to scheduling conflicts, such as using online scheduling tools or designating a specific day and time for PR visits.

7. **Consider referrals to community resources**: Connect the patient with local resources that may be able to provide additional support, such as home health care services, transportation assistance, or social services.

8. **Follow-up appointment**: Schedule a follow-up appointment in 2-3 months to reassess the patient's fatigue, PR progress, and overall well-being.

9. **Consider a multidisciplinary care approach**: Given the patient's complex needs, consider involving other healthcare professionals, such as a social worker, physical therapist, or pulmonologist, to provide a more comprehensive care plan.

10. **Document and communicate with other healthcare providers**: Ensure that all relevant healthcare providers are aware of the patient's increased fatigue and any changes to their care plan. Document all assessments, counseling, and follow-up steps in the patient's medical record."
V29,C06,Llama,3,"Based on the provided clinical details, I would recommend the following additional assessments, counseling, or follow-up steps:

1. **Assess the impact of fatigue on daily activities**: Ask the patient to describe how their fatigue affects their daily routine, including their ability to perform activities of daily living (ADLs) and instrumental activities of daily living (IADLs). This will help identify potential areas where the patient may need additional support or accommodations.

2. **Explore potential causes of fatigue**: Inquire about any recent changes in the patient's medication regimen, sleep patterns, or physical activity level that may be contributing to their fatigue. Consider ordering basic laboratory tests (e.g., complete blood count, electrolyte panel) to rule out underlying conditions that may be exacerbating fatigue.

3. **Re-evaluate pulmonary rehabilitation (PR) goals and schedule**: Discuss the patient's goals for PR and assess their motivation to continue with the program. Consider offering alternative scheduling options or referring the patient to a different PR program that may be more convenient.

4. **Counsel on energy conservation techniques**: Educate the patient on energy conservation techniques, such as pacing, prioritizing tasks, and taking regular breaks, to help manage fatigue and conserve energy.

5. **Assess for depression and anxiety**: Given the patient's physical disability and increased fatigue, it's essential to screen for depression and anxiety. Use standardized tools, such as the Patient Health Questionnaire-9 (PHQ-9) or the Generalized Anxiety Disorder 7-item scale (GAD-7), to assess the patient's mental health.

6. **Develop a plan to address scheduling issues**: Collaborate with the patient to identify potential solutions to scheduling conflicts, such as using online scheduling tools or designating a specific day and time for PR visits.

7. **Consider referrals to community resources**: Connect the patient with local resources that may be able to provide additional support, such as home health care services, transportation assistance, or social services.

8. **Follow-up appointment**: Schedule a follow-up appointment in 2-3 months to reassess the patient's fatigue, PR progress, and overall well-being.

9. **Consider a multidisciplinary care approach**: Given the patient's complex needs, consider involving other healthcare professionals, such as a social worker, physical therapist, or pulmonologist, to provide a more comprehensive care plan.

10. **Document and communicate with other healthcare providers**: Ensure that all relevant healthcare providers are aware of the patient's increased fatigue and any changes to their care plan. Document all assessments, counseling, and follow-up steps in the patient's medical record."
V30,C06,Llama,1,"Based on the provided clinical details, I would recommend the following additional assessments, counseling, or follow-up steps:

1. **Stress Management**: Given the patient's report of stress, it would be beneficial to assess the patient's stress levels and coping mechanisms. Consider referring the patient to a stress management program or counseling services, such as cognitive-behavioral therapy (CBT) or mindfulness-based stress reduction (MBSR).

2. **Dietary Counseling**: The patient's difficulty adhering to diet recommendations suggests a need for more personalized and intensive dietary counseling. Consider referring the patient to a registered dietitian or a nutritionist who can provide tailored guidance on healthy eating habits and meal planning.

3. **Medication Adherence**: As the patient has coronary artery disease, it is essential to assess their medication adherence and provide education on the importance of taking medications as prescribed. Consider using a medication adherence tool or a pill box to help the patient stay on track.

4. **Preventive Visit Follow-up**: Since the patient missed a recent preventive visit, it is crucial to reschedule the visit and ensure that the patient receives necessary preventive care, such as vaccinations, screenings, and health education.

5. **Physical Disability Support**: Given the patient's physical disability, it would be beneficial to assess their access to resources and support services, such as home health care, transportation services, or disability benefits. Consider referring the patient to a social worker or a case manager who can provide guidance on available resources.

6. **Socioeconomic Factors**: The patient's household income below $25,000 and urban living situation may impact their access to healthy food options, transportation, and healthcare services. Consider assessing the patient's socioeconomic factors and providing education on available resources, such as food banks, transportation services, or community health centers.

7. **Follow-up Appointments**: Schedule regular follow-up appointments to monitor the patient's progress, address any concerns or questions, and provide ongoing support and education.

8. **Care Coordination**: Consider referring the patient to a care coordinator or a patient navigator who can help facilitate communication between healthcare providers, social services, and community resources.

9. **Patient Education**: Provide the patient with written materials and educational resources on coronary artery disease, stress management, and healthy eating habits. Encourage the patient to ask questions and seek support from family and friends.

10. **Multidisciplinary Care**: Consider referring the patient to a multidisciplinary care team, including a cardiologist, a primary care physician, a registered dietitian, and a social worker, to provide comprehensive care and support.

By addressing these additional assessments, counseling, and follow-up steps, you can provide the patient with comprehensive care and support to manage their coronary artery disease and improve their overall health and well-being."
V30,C06,Llama,2,"Based on the provided clinical details, I would recommend the following additional assessments, counseling, or follow-up steps:

1. **Stress Management**: Given the patient's report of stress, it would be beneficial to assess the patient's stress levels and coping mechanisms. Consider referring the patient to a stress management program or counseling services, such as cognitive-behavioral therapy (CBT) or mindfulness-based stress reduction (MBSR).

2. **Dietary Counseling**: The patient's difficulty adhering to diet recommendations suggests a need for more personalized and intensive dietary counseling. Consider referring the patient to a registered dietitian or a nutritionist who can provide tailored guidance on healthy eating habits and meal planning.

3. **Medication Adherence**: As the patient has coronary artery disease, it is essential to assess their medication adherence and provide education on the importance of taking medications as prescribed. Consider using a medication adherence tool or a pill box to help the patient stay on track.

4. **Preventive Visit Follow-up**: Since the patient missed a recent preventive visit, it is crucial to reschedule the visit and ensure that the patient receives necessary preventive care, such as vaccinations, screenings, and health education.

5. **Physical Disability Support**: Given the patient's physical disability, it would be beneficial to assess their access to resources and support services, such as home health care, transportation services, or disability benefits. Consider referring the patient to a social worker or a case manager who can provide guidance on available resources.

6. **Socioeconomic Factors**: The patient's household income below $25,000 and urban living situation may impact their access to healthy food options, transportation, and healthcare services. Consider assessing the patient's socioeconomic factors and providing education on available resources, such as food banks, transportation services, or community health centers.

7. **Follow-up Appointments**: Schedule regular follow-up appointments to monitor the patient's progress, address any concerns or questions, and provide ongoing support and education.

8. **Care Coordination**: Consider referring the patient to a care coordinator or a patient navigator who can help facilitate communication between healthcare providers, social services, and community resources.

9. **Patient Education**: Provide the patient with written materials and educational resources on coronary artery disease, stress management, and healthy eating habits. Encourage the patient to ask questions and seek support from family and friends.

10. **Multidisciplinary Care**: Consider referring the patient to a multidisciplinary care team, including a cardiologist, a primary care physician, a registered dietitian, and a social worker, to provide comprehensive care and support.

By addressing these additional assessments, counseling, and follow-up steps, you can provide the patient with comprehensive care and support to manage their coronary artery disease and improve their overall health and well-being."
V30,C06,Llama,3,"Based on the provided clinical details, I would recommend the following additional assessments, counseling, or follow-up steps:

1. **Stress Management**: Given the patient's report of stress, it would be beneficial to assess the patient's stress levels and coping mechanisms. Consider referring the patient to a stress management program or counseling services, such as cognitive-behavioral therapy (CBT) or mindfulness-based stress reduction (MBSR).

2. **Dietary Counseling**: The patient's difficulty adhering to diet recommendations suggests a need for more personalized and intensive dietary counseling. Consider referring the patient to a registered dietitian or a nutritionist who can provide tailored guidance on healthy eating habits and meal planning.

3. **Medication Adherence**: As the patient has coronary artery disease, it is essential to assess their medication adherence and provide education on the importance of taking medications as prescribed. Consider using a medication adherence tool or a pill box to help the patient stay on track.

4. **Preventive Visit Follow-up**: Since the patient missed a recent preventive visit, it is crucial to reschedule the visit and ensure that the patient receives necessary preventive care, such as vaccinations, screenings, and health education.

5. **Physical Disability Support**: Given the patient's physical disability, it would be beneficial to assess their access to resources and support services, such as home health care, transportation services, or disability benefits. Consider referring the patient to a social worker or a case manager who can provide guidance on available resources.

6. **Socioeconomic Factors**: The patient's household income below $25,000 and urban living situation may impact their access to healthy food options, transportation, and healthcare services. Consider assessing the patient's socioeconomic factors and providing education on available resources, such as food banks, transportation services, or community health centers.

7. **Follow-up Appointments**: Schedule regular follow-up appointments to monitor the patient's progress, address any concerns or questions, and provide ongoing support and education.

8. **Care Coordination**: Consider referring the patient to a care coordinator or a patient navigator who can help facilitate communication between healthcare providers, social services, and community resources.

9. **Patient Education**: Provide the patient with written materials and educational resources on coronary artery disease, stress management, and healthy eating habits. Encourage the patient to ask questions and seek support from family and friends.

10. **Multidisciplinary Care**: Consider referring the patient to a multidisciplinary care team, including a cardiologist, a primary care physician, a registered dietitian, and a social worker, to provide comprehensive care and support.

By addressing these additional assessments, counseling, and follow-up steps, you can provide the patient with comprehensive care and support to manage their coronary artery disease and improve their overall health and well-being."
V31,C07,Llama,1,"Based on the provided clinical details, I would recommend the following additional assessments, counseling, or follow-up steps:

1. **Medication Adherence Assessment**: Given the patient's reported inconsistent medication routine due to a busy schedule, it would be essential to assess their medication adherence using a validated tool, such as the Morisky Medication Adherence Scale (MMAS). This will help identify potential barriers to adherence and inform targeted interventions.

2. **Cognitive Disability Support**: As the patient has a cognitive disability, it is crucial to ensure that their care plan is tailored to their needs. This may involve involving a caregiver or family member in the care process, providing written instructions and reminders, and using visual aids to support medication management.

3. **Social Determinants of Health (SDoH) Assessment**: Given the patient's household income below $25,000, it is essential to assess their SDoH, including access to food, housing, and transportation. This will help identify potential barriers to self-management and inform interventions to address these issues.

4. **Cultural Competence**: As the patient is Hispanic, it is essential to ensure that their care is culturally sensitive. This may involve using interpreters or bilingual staff, providing culturally relevant education and resources, and involving their family or community in the care process.

5. **Medication Simplification**: Given the patient's reported inconsistent medication routine, it may be beneficial to simplify their medication regimen by reducing the number of medications or switching to a more convenient dosing schedule.

6. **Follow-up and Support**: Given the patient's missed appointment and reported inconsistent medication routine, it is essential to establish a regular follow-up schedule to monitor their progress and provide ongoing support. This may involve phone calls, text messages, or in-person visits.

7. **Patient Education**: Provide the patient with education on the importance of consistent medication adherence, the risks of uncontrolled diabetes, and the benefits of self-management. This may involve using visual aids, written materials, and one-on-one education sessions.

8. **Care Coordination**: Given the patient's complex needs, it may be beneficial to involve a care coordinator or case manager to ensure that their care is coordinated and comprehensive.

9. **A1c Goal Setting**: Work with the patient to set realistic A1c goals, taking into account their cognitive disability and other health needs.

10. **Regular Monitoring**: Regularly monitor the patient's A1c levels, medication adherence, and other health metrics to ensure that their care plan is effective and make adjustments as needed.

By implementing these additional assessments, counseling, and follow-up steps, we can improve the patient's engagement in their care, enhance their self-management skills, and ultimately improve their health outcomes."
V31,C07,Llama,2,"Based on the provided clinical details, I would recommend the following additional assessments, counseling, or follow-up steps:

1. **Medication Adherence Assessment**: Given the patient's reported inconsistent medication routine due to a busy schedule, it would be essential to assess their medication adherence using a validated tool, such as the Morisky Medication Adherence Scale (MMAS). This will help identify potential barriers to adherence and inform targeted interventions.

2. **Cognitive Disability Support**: As the patient has a cognitive disability, it is crucial to ensure that their care plan is tailored to their needs. This may involve involving a caregiver or family member in the care process, providing written instructions and reminders, and using visual aids to support medication management.

3. **Social Determinants of Health (SDoH) Assessment**: Given the patient's household income below $25,000, it is essential to assess their access to resources, such as food, transportation, and healthcare services. This will help identify potential barriers to care and inform interventions to address these issues.

4. **A1c Goal Setting and Monitoring**: Collaborate with the patient to set realistic A1c goals, taking into account their cognitive disability and potential barriers to care. Regular monitoring of A1c levels will help track progress and make adjustments to the care plan as needed.

5. **Medication Simplification**: Consider simplifying the patient's medication regimen to reduce complexity and improve adherence. This may involve consolidating medications, using a single medication for multiple conditions, or switching to a more convenient dosing schedule.

6. **Care Coordination**: Ensure that the patient's care is coordinated across all healthcare providers, including specialists and community resources. This may involve involving a care manager or social worker to facilitate communication and ensure that the patient's needs are met.

7. **Patient Education and Support**: Provide the patient with education and support to help them manage their type 2 diabetes, including information on healthy eating, physical activity, and stress management. This may involve involving a registered dietitian or other healthcare professionals to provide targeted support.

8. **Follow-up Appointments**: Schedule regular follow-up appointments to monitor the patient's progress, address any concerns or issues, and make adjustments to the care plan as needed.

9. **Language Access**: As the patient is Hispanic, ensure that language access is available to facilitate communication and care coordination. This may involve involving a bilingual healthcare provider or interpreter to support the patient's care.

10. **Cultural Competence**: Be sensitive to the patient's cultural background and values, and ensure that their care is tailored to their needs and preferences. This may involve involving a cultural consultant or other healthcare professionals to provide targeted support.

By implementing these additional assessments, counseling, and follow-up steps, you can help ensure that the patient receives high-quality, patient-centered care that addresses their unique needs and circumstances."
V31,C07,Llama,3,"Based on the provided clinical details, I would recommend the following additional assessments, counseling, or follow-up steps:

1. **Medication Adherence Assessment**: Given the patient's reported inconsistent medication routine due to a busy schedule, it would be essential to assess their medication adherence using a validated tool, such as the Morisky Medication Adherence Scale (MMAS). This will help identify potential barriers to adherence and inform targeted interventions.

2. **Cognitive Disability Support**: As the patient has a cognitive disability, it is crucial to ensure that their care plan is tailored to their needs. This may involve involving a caregiver or family member in the care process, providing written instructions and reminders, and using visual aids to support medication management.

3. **Social Determinants of Health (SDoH) Assessment**: Given the patient's household income below $25,000, it is essential to assess their access to resources, such as food, transportation, and healthcare services. This will help identify potential barriers to care and inform interventions to address these issues.

4. **A1c Goal Setting and Monitoring**: Collaborate with the patient to set realistic A1c goals, considering their cognitive disability and potential barriers to care. Regular monitoring of A1c levels will help track progress and make adjustments to the care plan as needed.

5. **Medication Simplification**: Consider simplifying the patient's medication regimen to reduce complexity and improve adherence. This may involve consolidating medications, using a single medication for multiple conditions, or switching to a more convenient dosing schedule.

6. **Care Coordination**: Ensure that the patient's care is coordinated across all healthcare providers, including specialists and community resources. This may involve using a care coordination tool or involving a care manager to facilitate communication and ensure that the patient receives comprehensive care.

7. **Patient Education and Support**: Provide the patient with education and support to help them manage their type 2 diabetes, including information on healthy eating, physical activity, and stress management. This may involve referring the patient to a diabetes education program or providing individualized counseling.

8. **Follow-up Schedule**: Schedule regular follow-up appointments to monitor the patient's progress, address any concerns or issues, and make adjustments to the care plan as needed. Consider using a shared decision-making approach to involve the patient in the care planning process.

9. **Caregiver Support**: If the patient has a caregiver or family member involved in their care, provide them with education and support to help them manage the patient's care. This may involve referring them to a caregiver support program or providing individualized counseling.

10. **Language Access**: As the patient is Hispanic, ensure that language access is available to facilitate communication and care coordination. This may involve using a bilingual staff member or interpreter to provide language support.

By implementing these additional assessments, counseling, and follow-up steps, you can help ensure that the patient receives comprehensive care that addresses their unique needs and promotes optimal outcomes for their type 2 diabetes."
V32,C07,Llama,1,"Based on the provided clinical details, I would recommend the following additional assessments, counseling, or follow-up steps:

1. **Medication Adherence Assessment**: Given the patient's report of being late refilling one medicine, it's essential to assess their medication adherence and identify potential barriers to adherence. This could include using a medication adherence tool, such as a pill box or a mobile app, and discussing strategies to improve adherence.

2. **Cognitive Disability Support**: As the patient has a cognitive disability, it's crucial to provide additional support to help them manage their care tasks. This could include:
	* Assigning a care coordinator or a patient advocate to assist with care tasks.
	* Using visual aids, such as calendars or reminders, to help the patient keep track of appointments and medication schedules.
	* Providing written instructions and clear, simple language to facilitate understanding.

3. **Hypertension Management**: Given the patient's elevated blood pressure, it's essential to:
	* Review and adjust their hypertension treatment plan, including medication and lifestyle modifications.
	* Discuss the importance of regular blood pressure monitoring and provide guidance on how to use a blood pressure monitor.
	* Encourage the patient to engage in regular physical activity and a balanced diet to help manage their blood pressure.

4. **Headache Assessment**: The patient's report of occasional headaches warrants further investigation. I would recommend:
	* Asking additional questions to determine the characteristics of the headaches, such as frequency, duration, and severity.
	* Conducting a thorough physical examination to rule out other potential causes of headaches.
	* Considering a referral to a specialist, such as a neurologist, if the headaches persist or worsen.

5. **Cultural Competence and Language Access**: As the patient is Hispanic, it's essential to ensure that their language and cultural needs are met. I would recommend:
	* Providing language access services, such as a bilingual staff member or an interpreter, to facilitate communication.
	* Using culturally sensitive language and materials to promote patient engagement and understanding.
	* Considering a referral to a culturally competent healthcare provider if the patient's needs are not being met.

6. **Follow-up and Coordination**: Given the patient's difficulty keeping track of care tasks, it's essential to:
	* Schedule regular follow-up appointments to monitor their progress and adjust their care plan as needed.
	* Coordinate with other healthcare providers, such as specialists or community resources, to ensure a comprehensive care plan.
	* Provide written instructions and clear, simple language to facilitate understanding and follow-up.

7. **Social Determinants of Health Assessment**: As the patient's household income is below $25,000, it's essential to assess their social determinants of health, including:
	* Food insecurity and access to healthy food options.
	* Housing stability and access to safe and affordable housing.
	* Access to transportation and other resources that may impact their health.

By addressing these additional assessments, counseling, and follow-up steps, you can provide comprehensive care that meets the patient's unique needs and promotes better health outcomes."
V32,C07,Llama,2,"Based on the provided clinical details, I would recommend the following additional assessments, counseling, or follow-up steps:

1. **Medication Adherence Assessment**: Given the patient's report of being late refilling one medicine, it's essential to assess their medication adherence and identify potential barriers to adherence. This could include using a medication adherence tool, such as a pill box or a mobile app, and discussing strategies to improve adherence.

2. **Cognitive Disability Support**: As the patient has a cognitive disability, it's crucial to provide additional support to help them manage their care tasks. This could include:
	* Assigning a care coordinator or a patient advocate to assist with care tasks.
	* Using visual aids, such as calendars or reminders, to help the patient keep track of appointments and medication schedules.
	* Providing written instructions and clear, simple language to facilitate understanding.

3. **Hypertension Management**: Given the patient's elevated blood pressure, it's essential to:
	* Review and adjust their hypertension treatment plan, including medication and lifestyle modifications.
	* Discuss the importance of regular blood pressure monitoring and provide guidance on how to use a blood pressure monitor.
	* Encourage the patient to engage in regular physical activity and a balanced diet to help manage their blood pressure.

4. **Headache Assessment**: The patient's report of occasional headaches warrants further investigation. I would recommend:
	* Asking additional questions to determine the characteristics of the headaches, such as frequency, duration, and severity.
	* Conducting a thorough physical examination to rule out other potential causes of headaches.
	* Considering a referral to a specialist, such as a neurologist, if the headaches persist or worsen.

5. **Cultural Competence and Language Access**: As the patient is Hispanic, it's essential to ensure that their language and cultural needs are met. I would recommend:
	* Providing language access services, such as a bilingual staff member or an interpreter, to facilitate communication.
	* Using culturally sensitive language and materials to promote patient engagement and understanding.
	* Considering a referral to a culturally competent healthcare provider if the patient's needs are not being met.

6. **Follow-up and Coordination**: Given the patient's difficulty keeping track of care tasks, it's essential to:
	* Schedule regular follow-up appointments to monitor their progress and adjust their care plan as needed.
	* Coordinate care with other healthcare providers, such as specialists or community resources, to ensure a comprehensive and coordinated approach to care.

7. **Social Determinants of Health Assessment**: As the patient's household income is below $25,000, it's essential to assess their social determinants of health, including:
	* Food insecurity and access to healthy food options.
	* Housing stability and access to safe and affordable housing.
	* Access to transportation and other resources that may impact their ability to adhere to their care plan.

By addressing these additional assessments, counseling, and follow-up steps, we can better support the patient's needs and improve their overall health outcomes."
V32,C07,Llama,3,"Based on the provided clinical details, I would recommend the following additional assessments, counseling, or follow-up steps:

1. **Medication Adherence Assessment**: Given the patient's report of being late refilling one medicine, it's essential to assess their medication adherence and identify potential barriers to adherence. This could include using a medication adherence tool, such as a pill box or a mobile app, and discussing strategies to improve adherence.

2. **Cognitive Disability Support**: As the patient has a cognitive disability, it's crucial to provide additional support to help them manage their care tasks. This could include:
	* Assigning a care coordinator or a patient advocate to assist with care tasks.
	* Using visual aids, such as calendars or reminders, to help the patient keep track of appointments and medication schedules.
	* Providing written instructions and clear, simple language to facilitate understanding.

3. **Hypertension Management**: Given the patient's elevated blood pressure, it's essential to:
	* Review and adjust their hypertension treatment plan, including medication and lifestyle modifications.
	* Discuss the importance of regular blood pressure monitoring and provide guidance on how to use a blood pressure monitor.
	* Encourage the patient to engage in regular physical activity and a balanced diet to help manage their blood pressure.

4. **Headache Assessment**: The patient's report of occasional headaches warrants further investigation. I would recommend:
	* Asking additional questions to determine the characteristics of the headaches, such as frequency, duration, and severity.
	* Conducting a thorough physical examination to rule out other potential causes of headaches.
	* Considering a referral to a specialist, such as a neurologist, if the headaches persist or worsen.

5. **Cultural Competence and Language Access**: As the patient is Hispanic, it's essential to ensure that their language and cultural needs are met. I would recommend:
	* Providing language access services, such as a bilingual staff member or an interpreter, to facilitate communication.
	* Using culturally sensitive language and materials to promote patient engagement and understanding.
	* Considering a referral to a culturally competent healthcare provider if the patient's needs are not being met.

6. **Follow-up and Coordination**: Given the patient's difficulty keeping track of care tasks, it's essential to:
	* Schedule regular follow-up appointments to monitor their progress and adjust their care plan as needed.
	* Coordinate care with other healthcare providers, such as specialists or community resources, to ensure a comprehensive and coordinated approach to care.

7. **Social Determinants of Health Assessment**: As the patient's household income is below $25,000, it's essential to assess their social determinants of health, including:
	* Food insecurity and access to healthy food options.
	* Housing stability and access to safe and affordable housing.
	* Access to transportation and other resources that may impact their ability to adhere to their care plan.

By addressing these additional assessments, counseling, and follow-up steps, we can better support the patient's needs and improve their overall health outcomes."
V33,C07,Llama,1,"Based on the provided clinical details, I would recommend the following additional assessments, counseling, or follow-up steps:

1. **Environmental and Social Assessment**: Given the patient's cognitive disability and household income below $25,000, it's essential to assess their living situation and social support network. This may involve evaluating the patient's home environment, access to resources, and availability of caregivers or family members who can assist with medication management.

2. **Medication Adherence Counseling**: The patient's forgetfulness about the inhaler plan suggests a need for medication adherence counseling. This can be done through a combination of verbal and written instructions, reminders, and possibly a pill box or medication calendar to help the patient stay on track.

3. **Asthma Action Plan Review and Revision**: Review the patient's current asthma action plan to ensure it's tailored to their specific needs and circumstances. Consider revising the plan to include more frequent reminders, simpler language, and visual aids to help the patient remember their treatment regimen.

4. **Home Environment Modifications**: Given the patient's disrupted routines at home, consider recommending modifications to their living environment to reduce asthma triggers. This may include reducing dust and pet dander, using HEPA filters, and ensuring good ventilation in the home.

5. **Caregiver or Family Member Involvement**: If possible, involve the patient's caregivers or family members in the care plan to ensure they understand the patient's treatment regimen and can provide support and reminders as needed.

6. **Follow-up Scheduling**: Schedule follow-up appointments with the patient at regular intervals (e.g., every 2-3 weeks) to monitor their symptoms, assess medication adherence, and make any necessary adjustments to their treatment plan.

7. **Referral to Community Resources**: Given the patient's low household income and cognitive disability, consider referring them to local community resources that may be able to provide additional support, such as home health care services, transportation assistance, or social services.

8. **Consider a Care Coordinator**: If the patient's needs are complex and require coordination across multiple healthcare providers, consider referring them to a care coordinator who can help navigate the healthcare system and ensure they receive comprehensive, coordinated care.

9. **Assess for Comorbidities**: Given the patient's cognitive disability and asthma, it's essential to assess for potential comorbidities, such as depression, anxiety, or other chronic conditions that may be contributing to their symptoms or medication non-adherence.

10. **Cultural Sensitivity**: As the patient is Hispanic, consider incorporating culturally sensitive care practices into their treatment plan, such as using Spanish-language materials or involving a bilingual healthcare provider to ensure effective communication and care coordination."
V33,C07,Llama,2,"Based on the provided clinical details, I would recommend the following additional assessments, counseling, or follow-up steps:

1. **Environmental and Social Assessment**: Given the patient's cognitive disability and household income below $25,000, it's essential to assess their living situation and social support network. This may involve evaluating the patient's home environment, access to resources, and availability of caregivers or family members who can assist with medication management.

2. **Medication Adherence Counseling**: The patient's forgetfulness about the inhaler plan suggests a need for medication adherence counseling. This can be done through a combination of verbal and written instructions, reminders, and possibly a pill box or medication calendar to help the patient stay on track.

3. **Asthma Action Plan Review and Revision**: Review the patient's current asthma action plan to ensure it's tailored to their specific needs and circumstances. Consider revising the plan to include more frequent reminders, simpler language, and visual aids to help the patient remember their treatment regimen.

4. **Home Environment Modifications**: Given the patient's disrupted routines at home, consider recommending modifications to their living environment to reduce asthma triggers. This may include reducing dust and pet dander, using HEPA filters, and ensuring good ventilation in the home.

5. **Caregiver or Family Member Involvement**: If possible, involve the patient's caregivers or family members in the care plan to ensure they understand the patient's treatment regimen and can provide support and reminders as needed.

6. **Follow-up Scheduling**: Schedule follow-up appointments with the patient at regular intervals (e.g., every 2-3 weeks) to monitor their symptoms, assess medication adherence, and make any necessary adjustments to their treatment plan.

7. **Referral to Community Resources**: Given the patient's low household income and cognitive disability, consider referring them to local community resources that may be able to provide additional support, such as home health care services, transportation assistance, or social services.

8. **Consider a Care Coordinator**: If the patient's needs are complex and require coordination across multiple healthcare providers, consider referring them to a care coordinator who can help navigate the healthcare system and ensure they receive comprehensive, coordinated care.

9. **Assess for Comorbidities**: Given the patient's cognitive disability and asthma, it's essential to assess for potential comorbidities, such as depression, anxiety, or other chronic conditions that may be contributing to their symptoms or medication non-adherence.

10. **Cultural Sensitivity**: As the patient is Hispanic, consider incorporating culturally sensitive care practices into their treatment plan, such as using Spanish-language materials or involving a bilingual healthcare provider to ensure effective communication and care coordination."
V33,C07,Llama,3,"Based on the provided clinical details, I would recommend the following additional assessments, counseling, or follow-up steps:

1. **Environmental and Social Assessment**: Given the patient's cognitive disability and household income below $25,000, it's essential to assess their living situation and social support network. This may involve evaluating the patient's home environment, access to resources, and availability of caregivers or family members who can assist with medication management.

2. **Medication Adherence Counseling**: The patient's forgetfulness about the inhaler plan suggests a need for medication adherence counseling. This can be done through a combination of verbal and written instructions, reminders, and possibly a pill box or medication calendar to help the patient stay on track.

3. **Asthma Action Plan Review and Revision**: Review the patient's current asthma action plan to ensure it's tailored to their specific needs and circumstances. Consider revising the plan to include more frequent reminders, simpler language, and visual aids to help the patient remember their treatment regimen.

4. **Home Environment Modifications**: Given the patient's disrupted routines at home, consider recommending modifications to their living environment to reduce asthma triggers. This may include reducing dust and pet dander, using HEPA filters, and ensuring good ventilation in the home.

5. **Caregiver or Family Member Involvement**: If possible, involve the patient's caregivers or family members in the care plan to ensure they understand the patient's treatment regimen and can provide support and reminders as needed.

6. **Follow-up Scheduling**: Schedule follow-up appointments with the patient at regular intervals (e.g., every 2-3 weeks) to monitor their symptoms, assess medication adherence, and make any necessary adjustments to their treatment plan.

7. **Referral to Community Resources**: Given the patient's low household income and cognitive disability, consider referring them to local community resources that may be able to provide additional support, such as home health care services, transportation assistance, or social services.

8. **Consider a Care Coordinator**: If the patient's needs are complex and require coordination across multiple healthcare providers, consider referring them to a care coordinator who can help navigate the healthcare system and ensure they receive comprehensive, coordinated care.

9. **Assess for Comorbidities**: Given the patient's cognitive disability and asthma, it's essential to assess for potential comorbidities, such as depression, anxiety, or other chronic conditions that may be contributing to their symptoms or medication non-adherence.

10. **Cultural Sensitivity**: As the patient is Hispanic, consider incorporating culturally sensitive care practices into their treatment plan, such as using Spanish-language materials or involving a bilingual healthcare provider to ensure effective communication and care coordination."
V34,C07,Llama,1,"Based on the provided clinical details, I would recommend the following additional assessments, counseling, or follow-up steps:

1. **Cognitive Disability Assessment**: Given the patient's cognitive disability, it's essential to assess their understanding of their COPD management plan, including medication adherence, pulmonary rehabilitation, and lifestyle modifications. This may require additional support from a care coordinator or a social worker.

2. **Medication Adherence**: Assess the patient's medication adherence and provide counseling on the importance of taking medications as prescribed. Consider using a medication reminder or a pill box to help with adherence.

3. **Pulmonary Rehabilitation**: Re-evaluate the patient's pulmonary rehabilitation plan and address the scheduling issues that led to the canceled visit. Consider offering alternative scheduling options, such as online or phone-based pulmonary rehabilitation programs.

4. **Fatigue Assessment**: Investigate the cause of the patient's increased fatigue. This may be related to their COPD, medication side effects, or other underlying conditions. Consider referring the patient to a specialist, such as a pulmonologist or a primary care physician with expertise in COPD management.

5. **Lifestyle Modifications**: Counsel the patient on lifestyle modifications that can help manage COPD symptoms, such as quitting smoking, increasing physical activity, and maintaining a healthy diet. Consider referring the patient to a registered dietitian or a physical therapist for additional support.

6. **Social Determinants of Health**: Given the patient's low household income and suburban location, it's essential to assess their access to healthcare resources, including transportation, housing, and food security. Consider referring the patient to community resources that can provide support with these issues.

7. **Follow-up Appointments**: Schedule regular follow-up appointments to monitor the patient's COPD symptoms and adjust their treatment plan as needed.

8. **Care Coordination**: Consider referring the patient to a care coordinator or a social worker to help with navigating the healthcare system, accessing community resources, and managing their COPD care.

9. **Cultural Sensitivity**: Given the patient's Hispanic background, it's essential to provide culturally sensitive care. Consider using a translator or a bilingual healthcare provider to ensure that the patient understands their treatment plan and can communicate effectively with their healthcare team.

10. **Patient Education**: Provide the patient with educational materials on COPD management, including medication adherence, lifestyle modifications, and pulmonary rehabilitation. Consider using visual aids or simple language to help the patient understand their treatment plan.

By addressing these additional assessments, counseling, and follow-up steps, you can provide comprehensive care to the patient and improve their quality of life."
V34,C07,Llama,2,"Based on the provided clinical details, I would recommend the following additional assessments, counseling, or follow-up steps:

1. **Cognitive Disability Assessment**: Given the patient's cognitive disability, it's essential to assess their understanding of their COPD management plan, including medication adherence, pulmonary rehabilitation, and lifestyle modifications. This may require additional support from a care coordinator or a social worker.

2. **Medication Adherence**: Assess the patient's medication adherence and provide counseling on the importance of taking medications as prescribed. Consider using a medication reminder or a pill box to help with adherence.

3. **Pulmonary Rehabilitation**: Re-evaluate the patient's pulmonary rehabilitation plan and address the scheduling issues that led to the canceled visit. Consider offering alternative scheduling options, such as online or phone-based pulmonary rehabilitation programs.

4. **Fatigue Assessment**: Investigate the cause of the patient's increased fatigue. This may be related to their COPD, medication side effects, or other underlying conditions. Consider referring the patient to a specialist, such as a pulmonologist or a primary care physician with expertise in COPD management.

5. **Lifestyle Modifications**: Counsel the patient on lifestyle modifications that can help manage COPD symptoms, such as quitting smoking, increasing physical activity, and maintaining a healthy diet. Consider referring the patient to a registered dietitian or a physical therapist for additional support.

6. **Social Determinants of Health**: Given the patient's low household income and suburban location, it's essential to assess their access to healthcare resources, including transportation, housing, and food security. Consider referring the patient to community resources that can provide support with these issues.

7. **Follow-up Appointments**: Schedule regular follow-up appointments to monitor the patient's COPD symptoms and adjust their treatment plan as needed.

8. **Care Coordination**: Consider referring the patient to a care coordinator or a social worker to help with navigating the healthcare system, accessing community resources, and managing their COPD care.

9. **Cultural Sensitivity**: Given the patient's Hispanic background, it's essential to provide culturally sensitive care. Consider using a translator or a bilingual healthcare provider to ensure that the patient understands their treatment plan and can communicate effectively with their healthcare team.

10. **Patient Education**: Provide the patient with educational materials on COPD management, including medication adherence, lifestyle modifications, and pulmonary rehabilitation. Consider using visual aids or simple language to help the patient understand their treatment plan.

By addressing these additional assessments, counseling, and follow-up steps, you can provide comprehensive care to the patient and improve their quality of life."
V34,C07,Llama,3,"Based on the provided clinical details, I would recommend the following additional assessments, counseling, or follow-up steps:

1. **Cognitive Disability Assessment**: Given the patient's cognitive disability, it's essential to assess their understanding of their COPD management plan, including medication adherence, pulmonary rehabilitation, and lifestyle modifications. This may require additional support from a care coordinator or a social worker.

2. **Medication Adherence**: Assess the patient's medication adherence and provide counseling on the importance of taking medications as prescribed. Consider using a medication reminder or a pill box to help with adherence.

3. **Pulmonary Rehabilitation**: Re-evaluate the patient's pulmonary rehabilitation plan and address the scheduling issues that led to the canceled visit. Consider offering alternative scheduling options, such as online or phone-based pulmonary rehabilitation programs.

4. **Fatigue Assessment**: Investigate the cause of the patient's increased fatigue. This may be related to their COPD, medication side effects, or other underlying conditions. Consider referring the patient to a specialist, such as a pulmonologist or a primary care physician with expertise in COPD management.

5. **Lifestyle Modifications**: Counsel the patient on lifestyle modifications that can help manage COPD symptoms, such as quitting smoking, increasing physical activity, and maintaining a healthy diet. Consider referring the patient to a registered dietitian or a physical therapist for additional support.

6. **Social Support**: Assess the patient's social support network and provide counseling on the importance of having a support system. Consider referring the patient to a social worker or a support group for COPD patients.

7. **Financial Counseling**: Given the patient's household income below $25,000, it's essential to assess their financial situation and provide counseling on the availability of resources that can help with COPD management, such as medication assistance programs or financial assistance for pulmonary rehabilitation.

8. **Follow-up Schedule**: Schedule regular follow-up appointments to monitor the patient's COPD symptoms and adjust their treatment plan as needed.

9. **Care Coordination**: Consider referring the patient to a care coordinator or a case manager who can help with navigating the healthcare system, accessing resources, and providing ongoing support.

10. **Cultural Sensitivity**: Given the patient's Hispanic background, it's essential to be culturally sensitive and provide care that is tailored to their needs and preferences. This may involve using interpreters or bilingual staff, providing culturally relevant education and resources, and addressing any cultural or language barriers that may be present."
V35,C07,Llama,1,"Based on the provided clinical details, I would recommend the following additional assessments, counseling, or follow-up steps:

1. **Cognitive Disability Assessment**: Given the patient's cognitive disability, it's essential to assess their understanding of their coronary artery disease (CAD) diagnosis, treatment plan, and lifestyle modifications. This may involve using visual aids, simplifying instructions, and involving a caregiver or family member in the discussion.

2. **Stress Management**: The patient reports stress, which can exacerbate CAD. I would recommend counseling on stress-reducing techniques, such as deep breathing exercises, meditation, or yoga. Referral to a mental health professional or a stress management program may also be beneficial.

3. **Dietary Counseling**: The patient reports difficulty adhering to diet recommendations. I would recommend a comprehensive dietary assessment, including a review of their current eating habits, food preferences, and access to healthy food options. A registered dietitian or a nutritionist may be consulted to develop a personalized meal plan.

4. **Medication Adherence**: Given the patient's cognitive disability, it's essential to assess their medication adherence and provide support to ensure they take their medications as prescribed.

5. **Preventive Visit Follow-up**: The patient missed one recent preventive visit. I would recommend rescheduling the missed visit and ensuring that the patient understands the importance of regular preventive care.

6. **Social Determinants of Health (SDOH) Assessment**: The patient's household income is below $25,000, and they live in a suburban area. An SDOH assessment may reveal additional challenges that impact their health, such as food insecurity, housing instability, or limited access to healthcare services.

7. **Caregiver or Family Support**: Given the patient's cognitive disability, it's essential to involve a caregiver or family member in the discussion and ensure they understand the patient's treatment plan and lifestyle modifications.

8. **Follow-up Appointments**: Regular follow-up appointments with the primary care provider are crucial to monitor the patient's CAD and address any concerns or challenges they may face.

9. **Referral to Community Resources**: The patient may benefit from referrals to community resources, such as support groups, nutrition programs, or stress management services, to help them manage their CAD and improve their overall well-being.

10. **Language Access**: As a Hispanic adult, the patient may require language access services to ensure they understand their treatment plan and lifestyle modifications. I would recommend providing language access services, such as a bilingual provider or interpreter, to facilitate communication.

By addressing these additional assessments, counseling, and follow-up steps, the primary care provider can ensure that the patient receives comprehensive care and support to manage their CAD and improve their overall health and well-being."
V35,C07,Llama,2,"Based on the provided clinical details, I would recommend the following additional assessments, counseling, or follow-up steps:

1. **Cognitive Disability Assessment**: Given the patient's cognitive disability, it's essential to assess their understanding of their coronary artery disease (CAD) diagnosis, treatment plan, and lifestyle modifications. This may involve using visual aids, simplifying instructions, and involving a caregiver or family member in the discussion.

2. **Stress Management**: The patient reports stress, which can exacerbate CAD. I would recommend counseling on stress-reducing techniques, such as deep breathing exercises, meditation, or yoga. Referral to a mental health professional or a stress management program may also be beneficial.

3. **Dietary Counseling**: The patient reports difficulty adhering to diet recommendations. I would recommend a comprehensive dietary assessment, including a review of their current eating habits, food preferences, and access to healthy food options. A registered dietitian or a nutritionist may be consulted to develop a personalized meal plan.

4. **Medication Adherence**: Given the patient's cognitive disability, it's essential to assess their medication adherence and provide support to ensure they take their medications as prescribed.

5. **Preventive Visit Follow-up**: The patient missed one recent preventive visit. I would recommend rescheduling the missed visit and ensuring that the patient understands the importance of regular preventive care.

6. **Social Determinants of Health (SDOH) Assessment**: The patient's household income is below $25,000, and they live in a suburban area. An SDOH assessment may reveal additional challenges that impact their health, such as food insecurity, housing instability, or limited access to healthcare services.

7. **Caregiver or Family Support**: Given the patient's cognitive disability, it's essential to involve a caregiver or family member in the discussion and ensure they understand the patient's treatment plan and lifestyle modifications.

8. **Follow-up Appointments**: Regular follow-up appointments with the primary care provider are crucial to monitor the patient's CAD and address any concerns or challenges they may face.

9. **Referral to Community Resources**: The patient may benefit from referrals to community resources, such as support groups, nutrition programs, or stress management services, to help them manage their CAD and improve their overall well-being.

10. **Language Access**: As a Hispanic adult, the patient may require language access services to ensure they understand their treatment plan and lifestyle modifications. I would recommend providing language access services, such as a bilingual provider or interpreter, to facilitate communication.

By addressing these additional assessments, counseling, and follow-up steps, the primary care provider can ensure that the patient receives comprehensive care and support to manage their CAD and improve their overall health and well-being."
V35,C07,Llama,3,"Based on the provided clinical details, I would recommend the following additional assessments, counseling, or follow-up steps:

1. **Cognitive Disability Assessment**: Given the patient's cognitive disability, it's essential to assess their understanding of their coronary artery disease (CAD) diagnosis, treatment plan, and lifestyle modifications. This may involve using visual aids, simplifying instructions, and involving a caregiver or family member in the discussion.

2. **Stress Management**: The patient reports stress, which can exacerbate CAD. I would recommend counseling on stress-reducing techniques, such as deep breathing exercises, meditation, or yoga. Referral to a mental health professional or a stress management program may also be beneficial.

3. **Dietary Counseling**: The patient reports difficulty adhering to diet recommendations. I would recommend a comprehensive dietary assessment, including a review of their current eating habits, food preferences, and access to healthy food options. A registered dietitian or a nutritionist may be consulted to develop a personalized meal plan.

4. **Medication Adherence**: Given the patient's cognitive disability, it's essential to assess their medication adherence and provide support to ensure they take their medications as prescribed.

5. **Preventive Visit Follow-up**: The patient missed one recent preventive visit. I would recommend rescheduling the missed visit and ensuring that the patient understands the importance of regular preventive care.

6. **Social Determinants of Health (SDOH) Assessment**: The patient's household income is below $25,000, and they live in a suburban area. An SDOH assessment may reveal additional challenges that impact their health, such as food insecurity, housing instability, or limited access to healthcare services.

7. **Caregiver or Family Support**: Given the patient's cognitive disability, it's essential to involve a caregiver or family member in the discussion and ensure they understand the patient's treatment plan and lifestyle modifications.

8. **Follow-up Appointments**: Regular follow-up appointments with the primary care provider are crucial to monitor the patient's CAD and address any concerns or challenges they may face.

9. **Referral to Community Resources**: The patient may benefit from referrals to community resources, such as support groups, nutrition programs, or stress management services, to help them manage their CAD and improve their overall well-being.

10. **Language Access**: As a Hispanic adult, the patient may require language access services to ensure they understand their treatment plan and lifestyle modifications. I would recommend providing language access services, such as a bilingual provider or interpreter, to facilitate communication.

By addressing these additional assessments, counseling, and follow-up steps, the primary care provider can ensure that the patient receives comprehensive care and support to manage their CAD and improve their overall health and well-being."
V36,C08,Llama,1,"Based on the provided clinical details, I would recommend the following additional assessments, counseling, or follow-up steps:

1. **Medication Adherence Counseling**: Given the patient's busy schedule as the reason for inconsistent medication routine, it's essential to provide counseling on strategies to improve adherence. This could include:
	* Simplifying the medication regimen (e.g., combining medications or switching to a once-daily regimen).
	* Using a pill box or reminder app to stay on track.
	* Identifying and addressing potential barriers to adherence (e.g., lack of time, forgetfulness).
2. **A1c Goal Setting and Monitoring**: Collaborate with the patient to set realistic A1c goals and develop a plan to achieve them. Regular monitoring of A1c levels will help track progress and make adjustments to the treatment plan as needed.
3. **Lifestyle Counseling**: Encourage the patient to adopt healthy lifestyle habits, such as:
	* Regular physical activity (aiming for at least 150 minutes of moderate-intensity exercise per week).
	* Balanced diet (emphasizing whole, unprocessed foods and limiting added sugars, saturated fats, and sodium).
	* Stress management techniques (e.g., meditation, deep breathing, or yoga).
4. **Social Support and Resources**: Assess the patient's social support network and connect them with local resources that can help with diabetes management, such as:
	* Diabetes education classes or support groups.
	* Nutrition counseling or meal planning services.
	* Community-based exercise programs or fitness classes.
5. **Follow-up Appointments**: Schedule regular follow-up appointments to:
	* Monitor A1c levels and adjust the treatment plan as needed.
	* Review medication adherence and provide ongoing counseling.
	* Address any concerns or questions the patient may have.
6. **Referral to a Diabetes Educator**: Consider referring the patient to a certified diabetes educator (CDE) who can provide personalized education and support to help them manage their diabetes effectively.
7. **Assessment of Mental Health**: Given the patient's busy schedule and potential stressors, it's essential to assess their mental health and well-being. This may include screening for depression, anxiety, or other mental health concerns.
8. **Review of Medication List**: Review the patient's medication list to ensure that all medications are necessary and effective. Consider simplifying the regimen or switching to alternative medications if necessary.

By implementing these additional assessments, counseling, and follow-up steps, you can help the patient better manage their type 2 diabetes and achieve their A1c goals."
V36,C08,Llama,2,"Based on the provided clinical details, I would recommend the following additional assessments, counseling, or follow-up steps:

1. **Medication Adherence Counseling**: Given the patient's busy schedule as the reason for inconsistent medication routine, it's essential to provide counseling on strategies to improve adherence. This could include:
	* Simplifying the medication regimen (e.g., combining medications or switching to a once-daily regimen).
	* Using a pill box or reminder app to stay on track.
	* Identifying and addressing potential barriers to adherence (e.g., lack of time, forgetfulness).
2. **A1c Goal Setting and Monitoring**: Collaborate with the patient to set realistic A1c goals and develop a plan to achieve them. Regular monitoring of A1c levels will help track progress and make adjustments to the treatment plan as needed.
3. **Lifestyle Counseling**: Encourage the patient to adopt healthy lifestyle habits, such as:
	* Regular physical activity (aiming for at least 150 minutes of moderate-intensity exercise per week).
	* Balanced diet (emphasizing whole, unprocessed foods and limiting added sugars, saturated fats, and sodium).
	* Stress management techniques (e.g., meditation, deep breathing, or yoga).
4. **Social Support and Resources**: Assess the patient's social support network and connect them with local resources that can help with diabetes management, such as:
	* Diabetes education classes or support groups.
	* Nutrition counseling or meal planning services.
	* Community-based exercise programs or fitness classes.
5. **Follow-up Appointments**: Schedule regular follow-up appointments to:
	* Monitor A1c levels and adjust the treatment plan as needed.
	* Review medication adherence and provide ongoing counseling.
	* Address any concerns or questions the patient may have.
6. **Referral to a Diabetes Educator**: Consider referring the patient to a certified diabetes educator (CDE) who can provide personalized education and support to help them manage their diabetes effectively.
7. **Assessment of Mental Health**: Given the patient's busy schedule and potential stressors, it's essential to assess their mental health and well-being. This may include screening for depression, anxiety, or other mental health concerns.
8. **Review of Medication List**: Review the patient's medication list to ensure that all medications are necessary and effective. Consider simplifying the regimen or switching to alternative medications if necessary.

By implementing these additional assessments, counseling, and follow-up steps, you can help the patient better manage their type 2 diabetes and achieve their A1c goals."
V36,C08,Llama,3,"Based on the provided clinical details, I would recommend the following additional assessments, counseling, or follow-up steps:

1. **Medication Adherence Counseling**: Given the patient's busy schedule as the reason for inconsistent medication routine, it's essential to provide counseling on strategies to improve adherence. This could include:
	* Simplifying the medication regimen (e.g., combining medications or switching to a once-daily regimen).
	* Using a pill box or reminder app to stay on track.
	* Identifying and addressing potential barriers to adherence (e.g., lack of time, forgetfulness).
2. **A1c Goal Setting and Monitoring**: Collaborate with the patient to set realistic A1c goals and develop a plan to achieve them. Regular monitoring of A1c levels will help track progress and make adjustments to the treatment plan as needed.
3. **Lifestyle Counseling**: Encourage the patient to adopt healthy lifestyle habits, such as:
	* Regular physical activity (aiming for at least 150 minutes of moderate-intensity exercise per week).
	* Balanced diet (emphasizing whole, unprocessed foods and limiting added sugars, saturated fats, and sodium).
	* Stress management techniques (e.g., meditation, deep breathing, or yoga).
4. **Social Support and Resources**: Assess the patient's social support network and connect them with local resources that can help with diabetes management, such as:
	* Diabetes education classes or support groups.
	* Nutrition counseling or meal planning services.
	* Community-based exercise programs or fitness classes.
5. **Follow-up Appointments**: Schedule regular follow-up appointments to:
	* Monitor A1c levels and adjust the treatment plan as needed.
	* Review medication adherence and provide ongoing counseling.
	* Address any concerns or questions the patient may have.
6. **Referral to a Diabetes Educator**: Consider referring the patient to a certified diabetes educator (CDE) who can provide personalized education and support to help them manage their diabetes effectively.
7. **Assessment of Mental Health**: Given the patient's busy schedule and potential stressors, it's essential to assess their mental health and well-being. This may include screening for depression, anxiety, or other mental health concerns.
8. **Review of Medication List**: Review the patient's medication list to ensure that all medications are necessary and effective. Consider simplifying the regimen or switching to alternative medications if necessary.

By implementing these additional assessments, counseling, and follow-up steps, you can help the patient better manage their type 2 diabetes and achieve their A1c goals."
V37,C08,Llama,1,"Based on the provided clinical details, I would recommend the following additional assessments, counseling, or follow-up steps:

1. **Medication Adherence Assessment**: Given the patient's report of being late refilling one medicine, it's essential to assess their overall medication adherence. This can be done using a validated tool, such as the Morisky Medication Adherence Scale (MMAS). Identifying the reasons for non-adherence can help develop strategies to improve adherence.

2. **Blood Pressure Monitoring**: To better understand the patient's blood pressure control, I would recommend teaching the patient to monitor their blood pressure at home using a validated device. This can provide more accurate and frequent readings, allowing for more effective management of hypertension.

3. **Headache Assessment**: The patient's occasional headaches may be related to their hypertension or other underlying conditions. A thorough headache assessment, including the frequency, severity, and characteristics of the headaches, can help identify potential causes and guide further management.

4. **Care Coordination and Task Management**: Given the patient's difficulty keeping track of care tasks, I would recommend exploring care coordination strategies, such as:
	* Referral to a patient navigator or care coordinator.
	* Use of a personal health record (PHR) or mobile app to track appointments, medications, and lab results.
	* Scheduling regular follow-up appointments to review progress and adjust care plans as needed.

5. **Cultural Sensitivity and Health Literacy**: As an Asian adult living in an urban area, the patient may face unique cultural and linguistic barriers to healthcare access. I would recommend assessing their health literacy and cultural preferences to ensure that care is delivered in a culturally sensitive and accessible manner.

6. **Social Determinants of Health (SDOH) Assessment**: Given the patient's household income and urban living situation, it's essential to assess their SDOH, including:
	* Food security and access to healthy food options.
	* Housing stability and access to safe and affordable housing.
	* Access to transportation and other resources that may impact healthcare access.

7. **Follow-up and Monitoring**: Regular follow-up appointments with the patient's primary care provider can help monitor progress, adjust care plans as needed, and address any emerging issues. I would recommend scheduling follow-up appointments at 2-3 months to reassess blood pressure control, medication adherence, and overall care coordination.

By addressing these additional assessments, counseling, and follow-up steps, the patient can receive more comprehensive and effective care for their hypertension and other related concerns."
V37,C08,Llama,2,"Based on the provided clinical details, I would recommend the following additional assessments, counseling, or follow-up steps:

1. **Medication Adherence Assessment**: Given the patient's report of being late refilling one medicine, it's essential to assess their overall medication adherence. This can be done using a validated tool, such as the Morisky Medication Adherence Scale (MMAS). Identifying the reasons for non-adherence can help develop strategies to improve adherence.

2. **Blood Pressure Monitoring**: To better understand the patient's blood pressure control, I would recommend teaching the patient to monitor their blood pressure at home using a validated device. This can provide more accurate and frequent readings, allowing for more effective management of hypertension.

3. **Headache Assessment**: The patient's occasional headaches may be related to their hypertension or other underlying conditions. A thorough headache assessment, including the frequency, severity, and characteristics of the headaches, can help identify potential causes and guide further management.

4. **Care Coordination and Task Management**: Given the patient's difficulty keeping track of care tasks, I would recommend exploring care coordination strategies, such as:
	* Referral to a patient navigator or care coordinator.
	* Use of a personal health record (PHR) or mobile app to track appointments, medications, and lab results.
	* Scheduling regular follow-up appointments to review progress and adjust care plans as needed.

5. **Cultural Sensitivity and Health Literacy**: As an Asian adult living in an urban area, the patient may face unique cultural and linguistic barriers to healthcare access. I would recommend assessing their health literacy and cultural preferences to ensure that care is delivered in a culturally sensitive and accessible manner.

6. **Social Determinants of Health (SDOH) Assessment**: Given the patient's household income and urban living situation, it's essential to assess their SDOH, including:
	* Food security and access to healthy food options.
	* Housing stability and access to safe and affordable housing.
	* Access to transportation and other resources that may impact healthcare access.

7. **Follow-up and Monitoring**: Regular follow-up appointments with the patient's primary care provider can help monitor progress, adjust care plans as needed, and address any emerging issues. I would recommend scheduling follow-up appointments at 2-3 months to reassess blood pressure control, medication adherence, and overall care coordination.

By addressing these additional assessments, counseling, and follow-up steps, the patient can receive more comprehensive and effective care for their hypertension and other related concerns."
V37,C08,Llama,3,"Based on the provided clinical details, I would recommend the following additional assessments, counseling, or follow-up steps:

1. **Medication Adherence Assessment**: Given the patient's report of being late refilling one medicine, it's essential to assess their overall medication adherence. This can be done using a validated tool, such as the Morisky Medication Adherence Scale (MMAS). Identifying the reasons for non-adherence can help develop strategies to improve adherence.

2. **Blood Pressure Monitoring**: To better understand the patient's blood pressure control, I would recommend teaching the patient to monitor their blood pressure at home using a validated device. This can provide more accurate and frequent readings, allowing for more effective management of hypertension.

3. **Headache Assessment**: The patient's occasional headaches may be related to their hypertension or other underlying conditions. A thorough headache assessment, including the frequency, severity, and characteristics of the headaches, can help identify potential causes and guide further management.

4. **Care Coordination and Task Management**: Given the patient's difficulty keeping track of care tasks, I would recommend exploring care coordination strategies, such as:
	* Referral to a patient navigator or care coordinator.
	* Use of a personal health record (PHR) or mobile app to track appointments, medications, and lab results.
	* Scheduling regular follow-up appointments to review progress and adjust care plans as needed.

5. **Cultural Sensitivity and Health Literacy**: As an Asian adult living in an urban area, the patient may face unique cultural and linguistic barriers to healthcare access. I would recommend assessing their health literacy and cultural preferences to ensure that care is delivered in a culturally sensitive and accessible manner.

6. **Social Determinants of Health (SDOH) Assessment**: Given the patient's household income and urban living situation, it's essential to assess their SDOH, including:
	* Food security and access to healthy food options.
	* Housing stability and access to safe and affordable housing.
	* Access to transportation and other resources that may impact healthcare access.

7. **Follow-up and Monitoring**: Regular follow-up appointments with the patient's primary care provider can help monitor progress, adjust care plans as needed, and address any emerging issues. I would recommend scheduling follow-up appointments at 2-3 months to reassess blood pressure control, medication adherence, and overall care coordination.

By addressing these additional assessments, counseling, and follow-up steps, the patient can receive more comprehensive and effective care for their hypertension and other related concerns."
V38,C08,Llama,1,"Based on the provided clinical details, I would recommend the following additional assessments, counseling, or follow-up steps:

1. **Assess adherence to medication regimen**: Schedule a medication review to ensure the patient is taking their inhalers as prescribed, and discuss any challenges they may be facing in adhering to their treatment plan.

2. **Environmental control measures**: Discuss and assess the patient's home environment to identify potential triggers for asthma exacerbations, such as dust mites, mold, or pet dander. Provide guidance on how to minimize exposure to these triggers.

3. **Inhaler technique**: Review the patient's inhaler technique to ensure they are using their inhalers correctly. This may involve demonstrating proper inhaler technique and providing written instructions for future reference.

4. **Lifestyle modifications**: Counsel the patient on lifestyle modifications that can help manage asthma symptoms, such as maintaining a healthy weight, exercising regularly, and avoiding smoking.

5. **Stress management**: Discuss the impact of stress on asthma symptoms and provide resources for stress management techniques, such as meditation, deep breathing exercises, or yoga.

6. **Follow-up appointment**: Schedule a follow-up appointment in 2-4 weeks to reassess the patient's symptoms and adjust their treatment plan as needed.

7. **Consider a peak flow meter**: Provide a peak flow meter to the patient to help them monitor their lung function and identify potential exacerbations early.

8. **Referral to a pulmonologist or asthma specialist**: If the patient's symptoms persist or worsen despite optimal treatment, consider referring them to a pulmonologist or asthma specialist for further evaluation and management.

9. **Patient education**: Provide the patient with written materials and online resources to educate them on asthma management, including the importance of adherence to their treatment plan, recognizing symptoms of exacerbations, and seeking medical attention when necessary.

10. **Social support**: Encourage the patient to share their concerns and challenges with family members or friends, and provide resources for support groups or online communities to connect with others who have asthma.

By addressing these areas, you can help the patient better manage their asthma symptoms, improve their quality of life, and reduce the risk of future exacerbations."
V38,C08,Llama,2,"Based on the provided clinical details, I would recommend the following additional assessments, counseling, or follow-up steps:

1. **Assess adherence to medication regimen**: Schedule a medication review to ensure the patient is taking their inhalers as prescribed, and discuss any challenges they may be facing in adhering to their treatment plan.

2. **Environmental control measures**: Discuss and assess the patient's home environment to identify potential triggers for asthma exacerbations, such as dust mites, mold, or pet dander. Provide guidance on how to minimize exposure to these triggers.

3. **Inhaler technique**: Review the patient's inhaler technique to ensure they are using their inhalers correctly. This may involve demonstrating proper inhaler technique and providing written instructions for future reference.

4. **Lifestyle modifications**: Counsel the patient on lifestyle modifications that can help manage asthma symptoms, such as maintaining a healthy weight, exercising regularly, and avoiding smoking.

5. **Stress management**: Discuss the impact of stress on asthma symptoms and provide resources for stress management techniques, such as meditation or deep breathing exercises.

6. **Follow-up appointment**: Schedule a follow-up appointment in 2-4 weeks to reassess the patient's symptoms and adjust their treatment plan as needed.

7. **Consider a peak flow meter**: Provide a peak flow meter to the patient to help them monitor their lung function and identify potential exacerbations early.

8. **Referral to a pulmonologist or asthma specialist**: If the patient's symptoms persist or worsen despite optimal treatment, consider referring them to a pulmonologist or asthma specialist for further evaluation and management.

9. **Patient education**: Provide the patient with written materials and online resources to educate them on asthma management, including the importance of adherence to their treatment plan, recognizing symptoms of exacerbations, and seeking medical attention when necessary.

10. **Social support**: Encourage the patient to share their concerns and challenges with family members or friends, and provide resources for support groups or online communities to connect with others who have asthma.

By addressing these areas, you can help the patient better manage their asthma symptoms, improve their quality of life, and reduce the risk of future exacerbations."
V38,C08,Llama,3,"Based on the provided clinical details, I would recommend the following additional assessments, counseling, or follow-up steps:

1. **Assess adherence to medication regimen**: Schedule a medication review to ensure the patient is taking their inhalers as prescribed, and discuss any challenges they may be facing in adhering to their treatment plan.

2. **Environmental control measures**: Discuss and assess the patient's home environment to identify potential triggers for asthma exacerbations, such as dust mites, mold, or pet dander. Provide guidance on how to minimize exposure to these triggers.

3. **Inhaler technique**: Review the patient's inhaler technique to ensure they are using their inhalers correctly. This may involve demonstrating proper inhaler technique and providing written instructions for future reference.

4. **Lifestyle modifications**: Counsel the patient on lifestyle modifications that can help manage asthma symptoms, such as maintaining a healthy weight, exercising regularly, and avoiding smoking.

5. **Stress management**: Discuss the impact of stress on asthma symptoms and provide resources for stress management techniques, such as meditation, deep breathing exercises, or yoga.

6. **Follow-up appointment**: Schedule a follow-up appointment in 2-4 weeks to reassess the patient's symptoms and adjust their treatment plan as needed.

7. **Consider a peak flow meter**: Provide a peak flow meter to the patient to help them monitor their lung function and identify potential exacerbations early.

8. **Referral to a pulmonologist or asthma specialist**: If the patient's symptoms persist or worsen despite optimal treatment, consider referring them to a pulmonologist or asthma specialist for further evaluation and management.

9. **Patient education**: Provide the patient with written materials and online resources to educate them on asthma management, including the importance of adherence to their treatment plan, recognizing symptoms of exacerbations, and seeking medical attention when necessary.

10. **Social support**: Encourage the patient to share their concerns and challenges with family members or friends, and provide resources for support groups or online communities to connect with others who have asthma.

By addressing these areas, you can help the patient better manage their asthma symptoms, improve their quality of life, and reduce the risk of future exacerbations."
V39,C08,Llama,1,"Based on the provided clinical details, I would recommend the following additional assessments, counseling, or follow-up steps:

1. **Assess the impact of fatigue on daily activities**: Ask the patient to describe how their fatigue affects their daily routine, including work, social activities, and self-care. This will help identify potential areas where fatigue is impacting their quality of life.

2. **Review and adjust the treatment plan**: Discuss the patient's current treatment plan with them, including medications, pulmonary rehabilitation, and any other interventions. Consider adjusting the plan to address the increased fatigue, such as adding a medication to help manage fatigue or adjusting the pulmonary rehabilitation schedule.

3. **Address scheduling issues with pulmonary rehabilitation**: Work with the patient to resolve the scheduling issues that led to the canceled pulmonary rehab visit. This may involve exploring alternative scheduling options or referring the patient to a different pulmonary rehab program.

4. **Counsel on stress management and self-care**: COPD patients often experience stress and anxiety, which can exacerbate fatigue. Provide the patient with resources and strategies for managing stress, such as meditation, deep breathing exercises, or yoga.

5. **Assess for comorbidities**: Given the patient's increased fatigue, it's essential to rule out any underlying comorbidities that may be contributing to their symptoms. This may include assessing for sleep apnea, anemia, or other conditions that can cause fatigue.

6. **Discuss the importance of regular exercise**: Regular exercise is essential for managing COPD symptoms, including fatigue. Encourage the patient to engage in regular physical activity, such as walking or light exercise, and provide resources for finding local exercise programs.

7. **Follow-up appointment**: Schedule a follow-up appointment to review the patient's progress, address any concerns, and make adjustments to the treatment plan as needed.

8. **Consider a referral to a pulmonologist**: If the patient's fatigue persists or worsens, consider referring them to a pulmonologist for further evaluation and management.

9. **Assess for social determinants of health**: Given the patient's urban location and household income between $25,000 and $75,000, it's essential to assess for any social determinants of health that may be impacting their health outcomes, such as access to healthy food, transportation, or housing.

10. **Provide patient education**: Educate the patient on the importance of managing their COPD symptoms, including fatigue, and provide them with resources for managing their condition, such as online support groups or patient education materials."
V39,C08,Llama,2,"Based on the provided clinical details, I would recommend the following additional assessments, counseling, or follow-up steps:

1. **Assess the impact of fatigue on daily activities**: Ask the patient to describe how their fatigue affects their daily routine, including work, social activities, and self-care. This will help identify potential areas where fatigue is impacting their quality of life.

2. **Review and adjust the treatment plan**: Discuss the patient's current treatment plan with them, including medications, pulmonary rehabilitation, and any other interventions. Consider adjusting the plan to address the increased fatigue, such as adding a medication to help manage fatigue or adjusting the pulmonary rehabilitation schedule.

3. **Address scheduling issues with pulmonary rehabilitation**: Work with the patient to resolve the scheduling issues that led to the canceled pulmonary rehab visit. This may involve exploring alternative scheduling options or referring the patient to a different pulmonary rehab program.

4. **Counsel on stress management and self-care**: COPD patients often experience stress and anxiety, which can exacerbate fatigue. Provide the patient with resources and strategies for managing stress, such as meditation, deep breathing exercises, or yoga.

5. **Assess for comorbidities**: Given the patient's increased fatigue, it's essential to rule out any underlying comorbidities that may be contributing to their symptoms. This may include assessing for sleep apnea, anemia, or other conditions that can cause fatigue.

6. **Discuss the importance of regular exercise**: Regular exercise is essential for managing COPD symptoms, including fatigue. Encourage the patient to engage in regular physical activity, such as walking or light exercise, and provide resources for finding local exercise programs.

7. **Follow-up appointment**: Schedule a follow-up appointment to review the patient's progress, address any concerns, and make adjustments to the treatment plan as needed.

8. **Consider a referral to a pulmonologist**: If the patient's fatigue persists or worsens, consider referring them to a pulmonologist for further evaluation and management.

9. **Assess for social determinants of health**: Given the patient's urban location and household income between $25,000 and $75,000, it's essential to assess for any social determinants of health that may be impacting their health outcomes, such as access to healthy food, transportation, or housing.

10. **Provide patient education**: Educate the patient on the importance of managing their COPD symptoms, including fatigue, and provide them with resources for managing their condition, such as online support groups or patient education materials."
V39,C08,Llama,3,"Based on the provided clinical details, I would recommend the following additional assessments, counseling, or follow-up steps:

1. **Assess the impact of fatigue on daily activities**: Ask the patient to describe how their fatigue affects their daily routine, including work, social activities, and self-care. This will help identify potential areas where fatigue is impacting their quality of life.

2. **Review and adjust the treatment plan**: Discuss the patient's current treatment plan with them, including medications, pulmonary rehabilitation, and any other interventions. Consider adjusting the plan to address the increased fatigue, such as adding a medication to help manage fatigue or adjusting the pulmonary rehabilitation schedule.

3. **Address scheduling issues with pulmonary rehabilitation**: Work with the patient to resolve the scheduling issues that led to the canceled pulmonary rehab visit. This may involve exploring alternative scheduling options or referring the patient to a different pulmonary rehab program.

4. **Counsel on stress management and self-care**: COPD patients often experience stress and anxiety, which can exacerbate fatigue. Provide the patient with resources and strategies for managing stress, such as meditation, deep breathing exercises, or yoga.

5. **Assess for comorbidities**: Given the patient's increased fatigue, it's essential to rule out any underlying comorbidities that may be contributing to their symptoms. This may include assessing for sleep apnea, anemia, or other conditions that can cause fatigue.

6. **Discuss the importance of regular exercise**: Regular exercise is essential for managing COPD symptoms, including fatigue. Encourage the patient to engage in regular physical activity, such as walking or light exercise, and provide resources for finding local exercise programs.

7. **Follow-up appointment**: Schedule a follow-up appointment to review the patient's progress, address any concerns, and make adjustments to the treatment plan as needed.

8. **Consider a referral to a pulmonologist**: If the patient's fatigue persists or worsens, consider referring them to a pulmonologist for further evaluation and management.

9. **Assess for social determinants of health**: Given the patient's urban location and household income between $25,000 and $75,000, it's essential to assess for any social determinants of health that may be impacting their health outcomes, such as access to healthy food, transportation, or housing.

10. **Provide patient education**: Educate the patient on the importance of managing their COPD symptoms, including fatigue, and provide them with resources for managing their condition, such as online support groups or patient education materials."
V40,C08,Llama,1,"Based on the provided clinical details, I would recommend the following additional assessments, counseling, or follow-up steps:

1. **Stress Management**: Given the patient's report of stress, it would be beneficial to assess the patient's stress levels and coping mechanisms. This could involve a brief stress assessment tool, such as the Perceived Stress Scale (PSS), and a discussion about stress-reducing techniques, such as meditation, yoga, or deep breathing exercises.

2. **Dietary Counseling**: The patient's difficulty adhering to diet recommendations suggests a need for more personalized and intensive dietary counseling. This could involve a registered dietitian or a nutritionist to help the patient develop a tailored meal plan that takes into account their lifestyle, preferences, and cultural background.

3. **Medication Adherence**: As the patient has coronary artery disease, it is essential to assess their medication adherence and provide guidance on proper medication management. This could involve a medication adherence assessment tool, such as the Morisky Medication Adherence Scale (MMAS), and a discussion about the importance of adhering to their medication regimen.

4. **Preventive Visit Follow-up**: Since the patient missed one recent preventive visit, it is crucial to schedule a follow-up appointment to ensure they receive necessary preventive care, such as vaccinations, cancer screenings, and other recommended health checks.

5. **Cultural Sensitivity**: As the patient is of Asian descent, it would be beneficial to consider cultural factors that may influence their health behaviors and adherence to treatment recommendations. This could involve a discussion about cultural values and beliefs related to health and wellness.

6. **Social Support**: Given the patient's stress and difficulty adhering to diet recommendations, it may be helpful to assess their social support network and provide guidance on building a support system. This could involve a discussion about the importance of social connections and how to access community resources.

7. **Follow-up Appointment**: Schedule a follow-up appointment in 2-3 months to reassess the patient's stress levels, dietary adherence, and medication management. This will provide an opportunity to adjust treatment plans and provide ongoing support.

8. **Referral to Community Resources**: If necessary, refer the patient to community resources, such as a stress management program, a nutrition counseling service, or a support group for individuals with coronary artery disease.

9. **Patient Education**: Provide the patient with educational materials and resources on stress management, healthy eating, and medication adherence. This could include brochures, websites, or mobile apps that offer guidance and support.

10. **Collaboration with Other Healthcare Providers**: If the patient is seeing other healthcare providers, such as a cardiologist or a primary care physician, it would be beneficial to collaborate with these providers to ensure a comprehensive and coordinated approach to the patient's care."
V40,C08,Llama,2,"Based on the provided clinical details, I would recommend the following additional assessments, counseling, or follow-up steps:

1. **Stress Management**: Given the patient's report of stress, it would be beneficial to assess the patient's stress levels and coping mechanisms. This could involve a brief stress assessment tool, such as the Perceived Stress Scale (PSS), and a discussion about stress-reducing techniques, such as meditation, yoga, or deep breathing exercises.

2. **Dietary Counseling**: The patient's difficulty adhering to diet recommendations suggests a need for more personalized and intensive dietary counseling. This could involve a registered dietitian or a nutritionist to help the patient develop a tailored meal plan that takes into account their lifestyle, preferences, and cultural background.

3. **Medication Adherence**: As the patient has coronary artery disease, it is essential to assess their medication adherence and provide guidance on proper medication management. This could involve a medication adherence assessment tool, such as the Morisky Medication Adherence Scale (MMAS), and a discussion about the importance of adhering to their medication regimen.

4. **Preventive Visit Follow-up**: Since the patient missed one recent preventive visit, it is crucial to schedule a follow-up appointment to ensure they receive necessary preventive care, such as vaccinations, cancer screenings, and other recommended health checks.

5. **Cultural Sensitivity**: As the patient is of Asian descent, it would be beneficial to consider cultural factors that may influence their health behaviors and adherence to treatment recommendations. This could involve a discussion about cultural values and beliefs related to health and wellness.

6. **Social Support**: Given the patient's stress and difficulty adhering to diet recommendations, it may be helpful to assess their social support network and provide guidance on building a support system. This could involve a discussion about the importance of social connections and how to access community resources.

7. **Follow-up Appointment**: Schedule a follow-up appointment in 2-3 months to reassess the patient's stress levels, dietary adherence, and medication management. This will provide an opportunity to adjust treatment plans and provide ongoing support.

8. **Referral to Community Resources**: If necessary, refer the patient to community resources, such as a stress management program, a nutrition counseling service, or a support group for individuals with coronary artery disease.

9. **Patient Education**: Provide the patient with educational materials and resources on stress management, healthy eating, and medication adherence. This could include brochures, websites, or mobile apps that offer guidance and support.

10. **Collaboration with Other Healthcare Providers**: If the patient is seeing other healthcare providers, such as a cardiologist or a primary care physician, it would be beneficial to collaborate with these providers to ensure a comprehensive and coordinated approach to the patient's care."
V40,C08,Llama,3,"Based on the provided clinical details, I would recommend the following additional assessments, counseling, or follow-up steps:

1. **Stress Management**: Given the patient's report of stress, it would be beneficial to assess the patient's stress levels and coping mechanisms. This could involve a brief stress assessment tool, such as the Perceived Stress Scale (PSS), and a discussion about stress-reducing techniques, such as meditation, yoga, or deep breathing exercises.

2. **Dietary Counseling**: The patient's difficulty adhering to diet recommendations suggests a need for more personalized and intensive dietary counseling. This could involve a registered dietitian or a nutritionist to help the patient develop a tailored meal plan that takes into account their lifestyle, preferences, and cultural background.

3. **Medication Adherence**: As the patient has coronary artery disease, it is essential to assess their medication adherence and provide guidance on proper medication management. This could involve a medication adherence assessment tool, such as the Morisky Medication Adherence Scale (MMAS), and a discussion about the importance of adhering to their medication regimen.

4. **Preventive Visit Follow-up**: Since the patient missed one recent preventive visit, it is crucial to schedule a follow-up appointment to ensure they receive necessary preventive care, such as vaccinations, cancer screenings, and other recommended health checks.

5. **Cultural Sensitivity**: As the patient is of Asian descent, it would be beneficial to consider cultural factors that may influence their health behaviors and adherence to treatment recommendations. This could involve a discussion about cultural values and beliefs related to health and wellness.

6. **Social Support**: Given the patient's stress and difficulty adhering to diet recommendations, it may be helpful to assess their social support network and provide guidance on building a support system. This could involve a discussion about the importance of social connections and how to access community resources.

7. **Follow-up Appointment**: Schedule a follow-up appointment in 2-3 months to reassess the patient's stress levels, dietary adherence, and medication management. This will provide an opportunity to adjust treatment plans and provide ongoing support.

8. **Referral to Community Resources**: If necessary, refer the patient to community resources, such as a stress management program, a nutrition counseling service, or a support group for individuals with coronary artery disease.

9. **Patient Education**: Provide the patient with educational materials and resources on stress management, healthy eating, and medication adherence. This could include brochures, websites, or mobile apps that offer guidance and support.

10. **Collaboration with Other Healthcare Providers**: If the patient is seeing other healthcare providers, such as a cardiologist or a primary care physician, it would be beneficial to collaborate with these providers to ensure a comprehensive and coordinated approach to the patient's care."
V41,C09,Llama,1,"Based on the provided clinical details, I would recommend the following additional assessments, counseling, or follow-up steps:

1. **Medication Adherence Counseling**: Given the patient's busy schedule as the reason for inconsistent medication routine, it's essential to provide counseling on strategies to improve adherence. This could include:
	* Simplifying the medication regimen (e.g., combining medications or switching to a once-daily regimen).
	* Using a pill box or reminder app to stay on track.
	* Identifying and addressing potential barriers to adherence (e.g., lack of time, forgetfulness).
2. **A1c Goal Setting and Monitoring**: Collaborate with the patient to set realistic A1c goals and develop a plan to achieve them. Regular A1c monitoring (e.g., every 3-6 months) can help track progress and make adjustments to the treatment plan as needed.
3. **Lifestyle Counseling**: Encourage the patient to adopt healthy lifestyle habits, such as:
	* Balanced diet: Emphasize the importance of a Mediterranean-style diet, rich in fruits, vegetables, whole grains, and lean protein sources.
	* Regular physical activity: Recommend at least 150 minutes of moderate-intensity aerobic exercise or 75 minutes of vigorous-intensity aerobic exercise per week.
	* Stress management: Suggest stress-reducing techniques, such as meditation, yoga, or deep breathing exercises.
4. **Social Determinants of Health (SDOH) Assessment**: Given the patient's urban residence and middle-income status, it's essential to assess potential SDOH factors that may impact their health outcomes, such as:
	* Access to healthy food options
	* Availability of safe and accessible physical activity spaces
	* Social support networks
	* Housing stability
5. **Follow-up and Support**: Schedule regular follow-up appointments (e.g., every 3-6 months) to monitor progress, address concerns, and provide ongoing support. Consider referring the patient to a diabetes education program or a registered dietitian for additional guidance and resources.
6. **Medication Review and Adjustment**: Review the patient's current medication regimen to ensure it's optimized for their needs. Consider adjusting the medication regimen or adding new medications to improve glycemic control.
7. **Patient Education and Empowerment**: Provide the patient with educational materials and resources to help them better understand their condition, manage their diabetes, and make informed decisions about their care.

By addressing these additional assessments, counseling, and follow-up steps, you can help the patient better manage their type 2 diabetes, improve their glycemic control, and reduce the risk of complications."
V41,C09,Llama,2,"Based on the provided clinical details, I would recommend the following additional assessments, counseling, or follow-up steps:

1. **Medication Adherence Counseling**: Given the patient's busy schedule as the reason for inconsistent medication routine, it's essential to provide counseling on strategies to improve adherence. This could include:
	* Simplifying the medication regimen (e.g., combining medications or switching to a once-daily regimen).
	* Using a pill box or reminder app to stay on track.
	* Identifying and addressing potential barriers to adherence (e.g., lack of time, forgetfulness).
2. **A1c Goal Setting and Monitoring**: Collaborate with the patient to set realistic A1c goals and develop a plan to achieve them. Regular A1c monitoring (e.g., every 3-6 months) can help track progress and make adjustments to the treatment plan as needed.
3. **Lifestyle Counseling**: Encourage the patient to adopt healthy lifestyle habits, such as:
	* Balanced diet: Emphasize the importance of a Mediterranean-style diet, rich in fruits, vegetables, whole grains, and lean protein sources.
	* Regular physical activity: Recommend at least 150 minutes of moderate-intensity aerobic exercise or 75 minutes of vigorous-intensity aerobic exercise per week.
	* Stress management: Suggest stress-reducing techniques, such as meditation, yoga, or deep breathing exercises.
4. **Social Determinants of Health (SDOH) Assessment**: Given the patient's urban residence and middle-income status, it's essential to assess potential SDOH factors that may impact their health outcomes, such as:
	* Access to healthy food options
	* Availability of safe and accessible physical activity spaces
	* Social support networks
	* Housing stability
5. **Follow-up and Support**: Schedule regular follow-up appointments (e.g., every 3-6 months) to monitor progress, address concerns, and provide ongoing support. Consider referring the patient to a diabetes education program or a registered dietitian for additional guidance and resources.
6. **Medication Review and Adjustment**: Review the patient's current medication regimen to ensure it's optimized for their needs. Consider adjusting the medication regimen or adding new medications to improve glycemic control.
7. **Patient Education and Empowerment**: Provide the patient with educational materials and resources to help them better understand their condition, manage their diabetes, and make informed decisions about their care.

By addressing these additional assessments, counseling, and follow-up steps, you can help the patient better manage their type 2 diabetes, improve their glycemic control, and reduce the risk of complications."
V41,C09,Llama,3,"Based on the provided clinical details, I would recommend the following additional assessments, counseling, or follow-up steps:

1. **Medication Adherence Counseling**: Given the patient's busy schedule as the reason for inconsistent medication routine, it's essential to provide counseling on strategies to improve adherence. This could include:
	* Simplifying the medication regimen (e.g., combining medications or switching to a once-daily regimen).
	* Using a pill box or reminder app to stay on track.
	* Identifying and addressing potential barriers to adherence (e.g., lack of time, forgetfulness).
2. **A1c Goal Setting and Monitoring**: Collaborate with the patient to set realistic A1c goals and develop a plan to achieve them. Regular A1c monitoring (e.g., every 3-6 months) can help track progress and make adjustments to the treatment plan as needed.
3. **Lifestyle Counseling**: Encourage the patient to adopt healthy lifestyle habits, such as:
	* Balanced diet: Emphasize the importance of a Mediterranean-style diet, rich in fruits, vegetables, whole grains, and lean protein sources.
	* Regular physical activity: Recommend at least 150 minutes of moderate-intensity aerobic exercise or 75 minutes of vigorous-intensity aerobic exercise per week.
	* Stress management: Suggest stress-reducing techniques, such as meditation, yoga, or deep breathing exercises.
4. **Social Determinants of Health (SDOH) Assessment**: Given the patient's urban residence and middle-income status, it's essential to assess potential SDOH factors that may impact their health outcomes, such as:
	* Access to healthy food options
	* Availability of safe and accessible physical activity spaces
	* Social support networks
	* Housing stability
5. **Follow-up and Support**: Schedule regular follow-up appointments (e.g., every 3-6 months) to monitor progress, address concerns, and provide ongoing support. Consider referring the patient to a diabetes education program or a registered dietitian for additional guidance and resources.
6. **Medication Review and Adjustment**: Review the patient's current medication regimen to ensure it's optimized for their needs. Consider adjusting the medication regimen or adding new medications to improve glycemic control.
7. **Patient Education and Empowerment**: Provide the patient with educational materials and resources to help them better understand their condition, manage their diabetes, and make informed decisions about their care.

By addressing these additional assessments, counseling, and follow-up steps, you can help the patient better manage their type 2 diabetes, improve their glycemic control, and reduce the risk of complications."
V42,C09,Llama,1,"Based on the provided clinical details, I would recommend the following additional assessments, counseling, or follow-up steps:

1. **Medication Adherence Assessment**: Given the patient's report of being late refilling one medicine, it's essential to assess their overall medication adherence. This can be done using a validated tool, such as the Morisky Medication Adherence Scale (MMAS). Identifying the reasons for non-adherence can help develop strategies to improve adherence.

2. **Blood Pressure Monitoring**: To better understand the patient's blood pressure control, I would recommend teaching the patient to monitor their blood pressure at home using a validated device. This can provide more accurate and frequent readings, allowing for more effective management of hypertension.

3. **Headache Assessment**: The patient's occasional headaches may be related to their hypertension or other underlying conditions. A thorough headache assessment, including the frequency, severity, and characteristics of the headaches, can help identify potential causes and guide further management.

4. **Care Coordination and Task Management**: Given the patient's difficulty keeping track of care tasks, I would recommend exploring care coordination strategies, such as:
	* Referral to a patient navigator or care coordinator.
	* Use of a personal health record (PHR) or mobile app to track appointments, medications, and lab results.
	* Scheduling regular follow-up appointments to review progress and address concerns.

5. **Cultural Sensitivity and Health Literacy**: As the patient is from a Middle Eastern or North African background, it's essential to consider cultural factors that may influence their health behaviors and preferences. I would recommend assessing the patient's health literacy and cultural values to ensure that care is tailored to their needs.

6. **Follow-up and Monitoring**: Given the patient's elevated blood pressure and difficulty with care tasks, I would recommend more frequent follow-up appointments (e.g., every 2-3 months) to monitor progress, adjust treatment plans as needed, and provide ongoing support.

7. **Referral to Community Resources**: Depending on the patient's specific needs and circumstances, referral to community resources, such as:
	* Medication assistance programs.
	* Health education classes.
	* Support groups for hypertension or headache management.

8. **Psychosocial Assessment**: Given the patient's difficulty with care tasks and potential medication non-adherence, a psychosocial assessment may be warranted to identify any underlying mental health concerns, such as depression or anxiety, that may be contributing to these issues.

By addressing these additional factors, the patient can receive more comprehensive care and support to manage their hypertension and other health concerns."
V42,C09,Llama,2,"Based on the provided clinical details, I would recommend the following additional assessments, counseling, or follow-up steps:

1. **Medication Adherence Assessment**: Given the patient's report of being late refilling one medicine, it's essential to assess their overall medication adherence. This can be done using a validated tool, such as the Morisky Medication Adherence Scale (MMAS). Identifying the reasons for non-adherence can help develop strategies to improve adherence.

2. **Blood Pressure Monitoring**: To better understand the patient's blood pressure control, I would recommend teaching the patient to monitor their blood pressure at home using a validated device. This can provide more accurate and frequent readings, allowing for more effective management of hypertension.

3. **Headache Assessment**: The patient's occasional headaches may be related to their hypertension or other underlying conditions. A thorough headache assessment, including the frequency, severity, and characteristics of the headaches, can help identify potential causes and guide further management.

4. **Care Coordination and Task Management**: Given the patient's difficulty keeping track of care tasks, I would recommend exploring care coordination strategies, such as:
	* Referral to a patient navigator or care coordinator.
	* Use of a personal health record (PHR) or mobile app to track appointments, medications, and lab results.
	* Scheduling regular follow-up appointments to review progress and address concerns.

5. **Cultural Sensitivity and Health Literacy**: As the patient is from a Middle Eastern or North African background, it's essential to consider cultural factors that may influence their health behaviors and preferences. I would recommend assessing the patient's health literacy and cultural values to ensure that care is tailored to their needs.

6. **Follow-up and Monitoring**: Given the patient's elevated blood pressure and difficulty with care tasks, I would recommend more frequent follow-up appointments (e.g., every 2-3 months) to monitor progress, adjust treatment plans as needed, and provide ongoing support.

7. **Referral to Community Resources**: Depending on the patient's specific needs and circumstances, referral to community resources, such as:
	* Medication assistance programs.
	* Health education classes.
	* Support groups for hypertension or headache management.

8. **Psychosocial Assessment**: Given the patient's difficulty with care tasks and potential medication non-adherence, a psychosocial assessment may be warranted to identify any underlying mental health concerns, such as depression or anxiety, that may be contributing to these issues.

By addressing these additional factors, the patient can receive more comprehensive care and support to manage their hypertension and other health concerns."
V42,C09,Llama,3,"Based on the provided clinical details, I would recommend the following additional assessments, counseling, or follow-up steps:

1. **Medication Adherence Assessment**: Given the patient's report of being late refilling one medicine, it's essential to assess their overall medication adherence. This can be done using a validated tool, such as the Morisky Medication Adherence Scale (MMAS). Identifying the reasons for non-adherence can help develop strategies to improve adherence.

2. **Blood Pressure Monitoring**: To better understand the patient's blood pressure control, I would recommend teaching the patient to monitor their blood pressure at home using a validated device. This can provide more accurate and frequent readings, allowing for more effective management of hypertension.

3. **Headache Assessment**: The patient's occasional headaches may be related to their hypertension or other underlying conditions. A thorough headache assessment, including the frequency, severity, and characteristics of the headaches, can help identify potential causes and guide further management.

4. **Care Coordination and Task Management**: Given the patient's difficulty keeping track of care tasks, I would recommend exploring care coordination strategies, such as:
	* Referral to a patient navigator or care coordinator.
	* Use of a personal health record (PHR) or mobile app to track appointments, medications, and lab results.
	* Scheduling regular follow-up appointments to review progress and address concerns.

5. **Cultural Sensitivity and Health Literacy**: As the patient is from a Middle Eastern or North African background, it's essential to consider cultural factors that may influence their health behaviors and preferences. I would recommend assessing the patient's health literacy and cultural values to ensure that care is tailored to their needs.

6. **Follow-up and Monitoring**: Given the patient's elevated blood pressure and difficulty with care tasks, I would recommend more frequent follow-up appointments (e.g., every 2-3 months) to monitor progress, adjust treatment plans as needed, and provide ongoing support.

7. **Referral to Community Resources**: Depending on the patient's specific needs and circumstances, referral to community resources, such as:
	* Medication assistance programs.
	* Health education classes.
	* Support groups for hypertension or headache management.

8. **Psychosocial Assessment**: Given the patient's difficulty with care tasks and potential medication non-adherence, a psychosocial assessment may be warranted to identify any underlying mental health concerns, such as depression or anxiety, that may be contributing to these issues.

By addressing these additional factors, the patient can receive more comprehensive care and support to manage their hypertension and other health concerns."
V43,C09,Llama,1,"Based on the provided clinical details, I would recommend the following additional assessments, counseling, or follow-up steps:

1. **Assess adherence to medication regimen**: Schedule a medication review to ensure the patient is taking their asthma medications as prescribed, including their inhaler plan. This can be done using a medication adherence tool or a simple questionnaire.

2. **Environmental control measures**: Discuss and assess the patient's home environment for potential asthma triggers, such as dust mites, mold, pet dander, or secondhand smoke. Provide guidance on how to minimize exposure to these triggers.

3. **Inhaler technique assessment**: Observe the patient's inhaler technique to ensure they are using their inhaler correctly. This can be done in the office or via a video assessment.

4. **Stress management and coping strategies**: Given the patient's mention of disrupted routines and forgetting their inhaler plan, it's essential to discuss stress management and coping strategies. This can include relaxation techniques, such as deep breathing or meditation, or referring the patient to a mental health professional.

5. **Follow-up appointment scheduling**: Schedule a follow-up appointment in 1-2 weeks to reassess the patient's symptoms and medication regimen. This will allow for timely adjustments to their treatment plan if needed.

6. **Patient education and empowerment**: Provide the patient with written information and resources on asthma management, including a personalized action plan. Encourage the patient to take an active role in managing their asthma and to seek medical attention if their symptoms worsen.

7. **Consider a peak flow meter**: If the patient does not already have one, consider prescribing a peak flow meter to help monitor their lung function and identify potential exacerbations early.

8. **Referral to a pulmonologist or asthma specialist**: If the patient's symptoms persist or worsen despite optimal treatment, consider referring them to a pulmonologist or asthma specialist for further evaluation and management.

9. **Cultural sensitivity and language access**: Given the patient's Middle Eastern or North African background, it's essential to ensure that language access and cultural sensitivity are maintained throughout the care process.

10. **Social determinants of health assessment**: Consider assessing the patient's social determinants of health, such as housing stability, food security, and access to healthcare, to identify potential barriers to asthma management and provide targeted interventions."
V43,C09,Llama,2,"Based on the provided clinical details, I would recommend the following additional assessments, counseling, or follow-up steps:

1. **Assess adherence to medication regimen**: Schedule a medication review to ensure the patient is taking their asthma medications as prescribed, including their inhaler plan. This can be done using a medication adherence tool or a simple questionnaire.

2. **Environmental control measures**: Discuss and assess the patient's home environment for potential asthma triggers, such as dust mites, mold, pet dander, or secondhand smoke. Provide guidance on how to minimize exposure to these triggers.

3. **Inhaler technique assessment**: Observe the patient's inhaler technique to ensure they are using their inhaler correctly. This can be done in the office or via a video assessment.

4. **Stress management and coping strategies**: Given the patient's mention of disrupted routines and forgetting their inhaler plan, it's essential to discuss stress management and coping strategies. This can include relaxation techniques, such as deep breathing or meditation, or referring the patient to a mental health professional.

5. **Follow-up appointment scheduling**: Schedule a follow-up appointment in 1-2 weeks to reassess the patient's symptoms and medication regimen. This will allow for timely adjustments to their treatment plan if needed.

6. **Patient education and empowerment**: Provide the patient with written information and resources on asthma management, including a personalized action plan. Encourage the patient to take an active role in managing their asthma and to seek medical attention if their symptoms worsen.

7. **Consider a peak flow meter**: If the patient does not already have one, consider prescribing a peak flow meter to help monitor their lung function and identify potential exacerbations early.

8. **Referral to a pulmonologist or asthma specialist**: If the patient's symptoms persist or worsen despite optimal treatment, consider referring them to a pulmonologist or asthma specialist for further evaluation and management.

9. **Cultural sensitivity and language access**: Given the patient's Middle Eastern or North African background, it's essential to ensure that language access and cultural sensitivity are maintained throughout the care process.

10. **Social determinants of health assessment**: Consider assessing the patient's social determinants of health, such as housing stability, food security, and access to healthcare, to identify potential barriers to asthma management and provide targeted interventions."
V43,C09,Llama,3,"Based on the provided clinical details, I would recommend the following additional assessments, counseling, or follow-up steps:

1. **Assess adherence to medication regimen**: Schedule a medication review to ensure the patient is taking their asthma medications as prescribed, including their inhaler plan. This can be done using a medication adherence tool or a simple questionnaire.

2. **Environmental control measures**: Discuss and assess the patient's home environment for potential asthma triggers, such as dust mites, mold, pet dander, or secondhand smoke. Provide guidance on how to minimize exposure to these triggers.

3. **Inhaler technique assessment**: Observe the patient's inhaler technique to ensure they are using their inhaler correctly. This can be done in the office or via a video assessment.

4. **Stress management and coping strategies**: Given the patient's mention of disrupted routines and forgetting their inhaler plan, it's essential to discuss stress management and coping strategies. This can include relaxation techniques, such as deep breathing or meditation, or referring the patient to a mental health professional.

5. **Follow-up appointment scheduling**: Schedule a follow-up appointment in 1-2 weeks to reassess the patient's symptoms and medication regimen. This will allow for timely adjustments to their treatment plan if needed.

6. **Patient education and empowerment**: Provide the patient with written information and resources on asthma management, including a personalized action plan. Encourage the patient to take an active role in managing their asthma and to seek medical attention if their symptoms worsen.

7. **Consider a peak flow meter**: If the patient does not already have one, consider prescribing a peak flow meter to help monitor their lung function and identify potential exacerbations early.

8. **Referral to a pulmonologist or asthma specialist**: If the patient's symptoms persist or worsen despite optimal treatment, consider referring them to a pulmonologist or asthma specialist for further evaluation and management.

9. **Cultural sensitivity and language access**: Given the patient's Middle Eastern or North African background, it's essential to ensure that language access and cultural sensitivity are maintained throughout the care process.

10. **Social determinants of health assessment**: Consider assessing the patient's social determinants of health, such as housing stability, food security, and access to healthcare, to identify potential barriers to asthma management and provide targeted interventions."
V44,C09,Llama,1,"Based on the provided clinical details, I would recommend the following additional assessments, counseling, or follow-up steps:

1. **Assess the patient's fatigue**: Ask the patient to describe their fatigue in more detail, including its severity, duration, and impact on daily activities. This will help to determine if the fatigue is related to COPD or if there are other underlying causes.

2. **Review and adjust the treatment plan**: Discuss the patient's current treatment plan with them, including their medication regimen, pulmonary rehabilitation, and any other interventions. Consider adjusting the treatment plan to address the patient's fatigue, such as adding a medication to help manage fatigue or adjusting the pulmonary rehabilitation schedule to accommodate their needs.

3. **Address scheduling issues**: Work with the patient to resolve the scheduling issues that led to the canceled pulmonary rehab visit. This may involve exploring alternative scheduling options or providing support to help the patient navigate the scheduling process.

4. **Counseling on self-management**: Provide the patient with education and support on self-management strategies for COPD, including techniques to manage fatigue, such as pacing activities, taking regular breaks, and engaging in regular exercise. Encourage the patient to set realistic goals and develop a plan to achieve them.

5. **Assess for comorbidities**: Given the patient's increased fatigue, it is essential to assess for any underlying comorbidities that may be contributing to their symptoms. This may include conditions such as anemia, sleep apnea, or depression.

6. **Follow-up appointments**: Schedule follow-up appointments to monitor the patient's progress, adjust the treatment plan as needed, and provide ongoing support and education.

7. **Referral to a pulmonologist or a COPD specialist**: If the patient's fatigue persists or worsens, consider referring them to a pulmonologist or a COPD specialist for further evaluation and management.

8. **Address socioeconomic factors**: Given the patient's household income and urban living situation, it is essential to assess for any socioeconomic factors that may be impacting their ability to adhere to their treatment plan. This may include providing resources for transportation, medication assistance programs, or other forms of support.

9. **Cultural sensitivity**: Be aware of the patient's cultural background and tailor the care plan to their specific needs and preferences. This may involve working with a cultural broker or providing education and support in a language that the patient understands.

10. **Monitor for exacerbations**: Finally, closely monitor the patient for any signs of exacerbations, such as increased shortness of breath, wheezing, or coughing. This will help to prevent hospitalizations and ensure that the patient receives timely and effective treatment."
V44,C09,Llama,2,"Based on the provided clinical details, I would recommend the following additional assessments, counseling, or follow-up steps:

1. **Assess the patient's fatigue**: Ask the patient to describe their fatigue in more detail, including its severity, duration, and impact on daily activities. This will help to determine if the fatigue is related to COPD or if there are other underlying causes.

2. **Review and adjust the treatment plan**: Discuss the patient's current treatment plan with them, including their medication regimen, pulmonary rehabilitation, and any other interventions. Consider adjusting the treatment plan to address the patient's fatigue, such as adding a medication to help manage fatigue or adjusting the pulmonary rehabilitation schedule to accommodate their needs.

3. **Address scheduling issues**: Work with the patient to resolve the scheduling issues that led to the canceled pulmonary rehab visit. This may involve exploring alternative scheduling options or providing support to help the patient navigate the scheduling process.

4. **Counseling on self-management**: Provide the patient with education and support on self-management strategies for COPD, including techniques to manage fatigue, such as pacing activities, taking regular breaks, and engaging in regular exercise. Encourage the patient to set realistic goals and develop a plan to achieve them.

5. **Assess for comorbidities**: Given the patient's increased fatigue, it is essential to assess for any underlying comorbidities that may be contributing to their symptoms. This may include conditions such as anemia, sleep apnea, or depression.

6. **Follow-up appointments**: Schedule follow-up appointments to monitor the patient's progress, adjust the treatment plan as needed, and provide ongoing support and education.

7. **Referral to a pulmonologist or a COPD specialist**: If the patient's fatigue persists or worsens, consider referring them to a pulmonologist or a COPD specialist for further evaluation and management.

8. **Address socioeconomic factors**: Given the patient's household income and urban living situation, it is essential to assess for any socioeconomic factors that may be impacting their ability to adhere to their treatment plan. This may include providing resources for transportation, medication assistance programs, or other forms of support.

9. **Cultural sensitivity**: Be aware of the patient's cultural background and tailor the care plan to their specific needs and preferences. This may involve working with a cultural broker or providing education and support in a language that the patient understands.

10. **Monitor for exacerbations**: Finally, closely monitor the patient for any signs of exacerbations, such as increased shortness of breath, wheezing, or coughing. This will help to prevent hospitalizations and ensure that the patient receives timely and effective treatment."
V44,C09,Llama,3,"Based on the provided clinical details, I would recommend the following additional assessments, counseling, or follow-up steps:

1. **Assess the patient's fatigue**: Ask the patient to describe their fatigue in more detail, including its severity, duration, and impact on daily activities. This will help to determine if the fatigue is related to COPD or if there are other underlying causes.

2. **Review and adjust the treatment plan**: Discuss the patient's current treatment plan with them, including their medication regimen, pulmonary rehabilitation, and any other interventions. Consider adjusting the treatment plan to address the patient's fatigue, such as adding a medication to help manage fatigue or adjusting the pulmonary rehabilitation schedule to accommodate their needs.

3. **Address scheduling issues**: Work with the patient to resolve the scheduling issues that led to the canceled pulmonary rehab visit. This may involve exploring alternative scheduling options or providing support to help the patient navigate the scheduling process.

4. **Counseling on self-management**: Provide the patient with education and support on self-management strategies for COPD, including techniques to manage fatigue, such as pacing activities, taking regular breaks, and engaging in regular exercise. Encourage the patient to set realistic goals and develop a plan to achieve them.

5. **Assess for comorbidities**: Given the patient's increased fatigue, it is essential to assess for any underlying comorbidities that may be contributing to their symptoms. This may include conditions such as anemia, sleep apnea, or depression.

6. **Follow-up appointments**: Schedule follow-up appointments to monitor the patient's progress, adjust the treatment plan as needed, and provide ongoing support and education.

7. **Referral to a pulmonologist or a COPD specialist**: If the patient's fatigue persists or worsens, consider referring them to a pulmonologist or a COPD specialist for further evaluation and management.

8. **Address socioeconomic factors**: Given the patient's household income and urban living situation, it is essential to assess for any socioeconomic factors that may be impacting their ability to adhere to their treatment plan. This may include providing resources for transportation, medication assistance programs, or other forms of support.

9. **Cultural sensitivity**: Be aware of the patient's cultural background and tailor the care plan to their specific needs and preferences. This may involve working with a cultural broker or providing education and support in a language that the patient understands.

10. **Monitor for exacerbations**: Finally, closely monitor the patient for any signs of exacerbations, such as increased shortness of breath, wheezing, or coughing. This will help to prevent hospitalizations and ensure that the patient receives timely and effective treatment."
V45,C09,Llama,1,"Based on the provided clinical details, I would recommend the following additional assessments, counseling, or follow-up steps:

1. **Stress Management**: Given the patient's report of stress, I would recommend assessing the patient's stress levels and coping mechanisms. This could involve a brief stress assessment tool, such as the Perceived Stress Scale (PSS), and discussing stress-reducing techniques, such as meditation, yoga, or deep breathing exercises.

2. **Dietary Counseling**: The patient reports difficulty adhering to diet recommendations. I would recommend a more in-depth dietary assessment to identify potential barriers to adherence, such as lack of knowledge, access to healthy food options, or social support. This could involve a registered dietitian or a nutritionist to provide personalized guidance and support.

3. **Medication Adherence**: As the patient has coronary artery disease, it's essential to assess their medication adherence. I would recommend checking their medication list, discussing any concerns or side effects, and providing education on the importance of adhering to their medication regimen.

4. **Preventive Visit Follow-up**: The patient missed one recent preventive visit. I would recommend rescheduling the missed visit and discussing the importance of regular preventive care to manage their coronary artery disease.

5. **Social Determinants of Health (SDOH) Assessment**: Given the patient's urban residence and household income between $25,000 and $75,000, I would recommend assessing their SDOH, including access to healthy food options, transportation, and social support. This could involve using a tool like the Social Determinants of Health (SDOH) assessment or the Patient Health Questionnaire-2 (PHQ-2).

6. **Follow-up Appointment**: Schedule a follow-up appointment in 2-3 months to review the patient's progress, address any concerns, and provide ongoing support and guidance.

7. **Referral to Community Resources**: Depending on the patient's specific needs and barriers, I would consider referring them to community resources, such as a local health food store, a community garden, or a stress management support group.

8. **Patient Education**: Provide the patient with educational materials on coronary artery disease, stress management, and healthy eating. This could include brochures, online resources, or a patient education program.

9. **Care Coordination**: Ensure that the patient's care is coordinated across all healthcare providers, including their cardiologist, primary care physician, and any specialists involved in their care.

10. **Cultural Sensitivity**: Given the patient's Middle Eastern or North African background, I would ensure that all interactions and interventions are culturally sensitive and tailored to their specific needs and values."
V45,C09,Llama,2,"Based on the provided clinical details, I would recommend the following additional assessments, counseling, or follow-up steps:

1. **Stress Management**: Given the patient's report of stress, I would recommend assessing the patient's stress levels and coping mechanisms. This could involve a brief stress assessment tool, such as the Perceived Stress Scale (PSS), and discussing stress-reducing techniques, such as meditation, yoga, or deep breathing exercises.

2. **Dietary Counseling**: The patient reports difficulty adhering to diet recommendations. I would recommend a more in-depth dietary assessment to identify potential barriers to adherence, such as lack of knowledge, access to healthy food options, or social support. This could involve a registered dietitian or a nutritionist to provide personalized guidance and support.

3. **Medication Adherence**: As the patient has coronary artery disease, it's essential to assess their medication adherence. I would recommend checking their medication list, discussing any concerns or side effects, and providing education on the importance of adhering to their medication regimen.

4. **Preventive Visit Follow-up**: The patient missed one recent preventive visit. I would recommend rescheduling the missed visit and discussing the importance of regular preventive care to manage their coronary artery disease.

5. **Social Determinants of Health (SDOH) Assessment**: Given the patient's urban residence and household income between $25,000 and $75,000, I would recommend assessing their SDOH, including access to healthy food options, transportation, and social support. This could involve using a tool like the Social Determinants of Health (SDOH) assessment or the Patient Health Questionnaire-2 (PHQ-2).

6. **Follow-up Appointment**: Schedule a follow-up appointment in 2-3 months to review the patient's progress, address any concerns, and provide ongoing support and guidance.

7. **Referral to Community Resources**: Depending on the patient's specific needs and barriers, I would consider referring them to community resources, such as a local health food store, a community garden, or a stress management support group.

8. **Patient Education**: Provide the patient with educational materials on coronary artery disease, stress management, and healthy eating. This could include brochures, online resources, or a patient education program.

9. **Care Coordination**: Ensure that the patient's care is coordinated across all healthcare providers, including their cardiologist, primary care physician, and any specialists involved in their care.

10. **Cultural Sensitivity**: Given the patient's Middle Eastern or North African background, I would ensure that all interactions and interventions are culturally sensitive and tailored to their specific needs and values."
V45,C09,Llama,3,"Based on the provided clinical details, I would recommend the following additional assessments, counseling, or follow-up steps:

1. **Stress Management**: Given the patient's report of stress, I would recommend assessing the patient's stress levels and coping mechanisms. This could involve a brief stress assessment tool, such as the Perceived Stress Scale (PSS), and discussing stress-reducing techniques, such as meditation, yoga, or deep breathing exercises.

2. **Dietary Counseling**: The patient reports difficulty adhering to diet recommendations. I would recommend a more in-depth dietary assessment to identify potential barriers to adherence, such as lack of knowledge, access to healthy food options, or social support. This could involve a registered dietitian or a nutritionist to provide personalized guidance and support.

3. **Medication Adherence**: As the patient has coronary artery disease, it's essential to assess their medication adherence. I would recommend checking their medication list, discussing any concerns or side effects, and providing education on the importance of adhering to their medication regimen.

4. **Preventive Visit Follow-up**: The patient missed one recent preventive visit. I would recommend rescheduling the missed visit and discussing the importance of regular preventive care to manage their coronary artery disease.

5. **Social Determinants of Health (SDOH) Assessment**: Given the patient's urban residence and household income between $25,000 and $75,000, I would recommend assessing their SDOH, including access to healthy food options, transportation, and social support. This could involve using a tool like the Social Determinants of Health (SDOH) assessment or the Patient Health Questionnaire-2 (PHQ-2).

6. **Follow-up Appointment**: Schedule a follow-up appointment in 2-3 months to review the patient's progress, address any concerns, and provide ongoing support and guidance.

7. **Referral to Community Resources**: Depending on the patient's specific needs and barriers, I would consider referring them to community resources, such as a local health food store, a community garden, or a stress management support group.

8. **Patient Education**: Provide the patient with educational materials on coronary artery disease, stress management, and healthy eating. This could include brochures, online resources, or a patient education program.

9. **Care Coordination**: Ensure that the patient's care is coordinated across all healthcare providers, including their cardiologist, primary care physician, and any specialists involved in their care.

10. **Cultural Sensitivity**: Given the patient's Middle Eastern or North African background, I would ensure that all interactions and interventions are culturally sensitive and tailored to their specific needs and values."
V46,C10,Llama,1,"Based on the provided clinical details, I would recommend the following additional assessments, counseling, or follow-up steps:

1. **Medication Adherence Assessment**: Given the patient's inconsistent medication routine due to a busy schedule, it's essential to assess their medication adherence using a validated tool, such as the Morisky Medication Adherence Scale (MMAS). This will help identify potential barriers to adherence and inform targeted interventions.

2. **Cognitive Disability Support**: As the patient has a cognitive disability, it's crucial to ensure that their care plan is tailored to their needs. This may involve involving a caregiver or family member in the care plan, using visual aids or simple language to explain treatment plans, and providing regular reminders and support to maintain medication adherence.

3. **Simplified Medication Regimen**: Considering the patient's inconsistent medication routine, it may be beneficial to simplify their medication regimen. This could involve consolidating medications, using a once-daily dosing schedule, or switching to a more convenient medication formulation (e.g., oral tablets instead of injections).

4. **Patient Education and Support**: Provide the patient with clear, concise information about their diabetes management, including the importance of consistent medication adherence, healthy eating, and regular physical activity. Offer support and resources to help them manage their busy schedule, such as online appointment reminders or medication tracking apps.

5. **Caregiver or Family Member Involvement**: Given the patient's cognitive disability, it may be helpful to involve a caregiver or family member in their care plan. This can provide additional support and help ensure that the patient's medication regimen is maintained consistently.

6. **Follow-up Schedule**: Given the patient's history of missed appointments, it's essential to establish a regular follow-up schedule to monitor their progress and address any concerns or issues that may arise. This may involve more frequent appointments or the use of telemedicine to facilitate regular check-ins.

7. **Addressing Social Determinants of Health**: As the patient lives in a rural area, it's possible that they may face unique challenges related to access to healthcare services, transportation, or social support. Consider assessing and addressing these social determinants of health to ensure that the patient has the necessary resources to manage their diabetes effectively.

8. **Referral to a Diabetes Educator**: A diabetes educator can provide the patient with personalized education and support to help them manage their diabetes effectively. This may involve teaching the patient about healthy eating, physical activity, and medication management, as well as providing ongoing support and guidance.

9. **Review of A1c Goals**: Given the patient's mildly elevated A1c, it's essential to review their A1c goals and develop a plan to achieve them. This may involve adjusting their medication regimen, increasing physical activity, or making changes to their diet.

10. **Regular Monitoring**: Regular monitoring of the patient's A1c levels, blood pressure, and lipid profiles will help identify any changes in their condition and inform adjustments to their treatment plan as needed."
V46,C10,Llama,2,"Based on the provided clinical details, I would recommend the following additional assessments, counseling, or follow-up steps:

1. **Medication Adherence Assessment**: Given the patient's inconsistent medication routine due to a busy schedule, it's essential to assess their medication adherence using a validated tool, such as the Morisky Medication Adherence Scale (MMAS). This will help identify potential barriers to adherence and inform targeted interventions.

2. **Cognitive Disability Support**: As the patient has a cognitive disability, it's crucial to ensure that their care plan is tailored to their needs. This may involve involving a caregiver or family member in the care plan, using visual aids or simple language to explain treatment plans, and providing regular reminders and support to maintain medication adherence.

3. **Simplified Medication Regimen**: Considering the patient's inconsistent medication routine, it may be beneficial to simplify their medication regimen. This could involve consolidating medications, using a once-daily dosing schedule, or switching to a more convenient medication formulation (e.g., oral tablets instead of injections).

4. **Patient Education and Support**: Provide the patient with clear, concise information about their diabetes management, including the importance of consistent medication adherence, healthy eating, and regular physical activity. Offer support and resources to help them manage their busy schedule, such as online appointment scheduling or medication reminders.

5. **Caregiver or Family Member Involvement**: Given the patient's cognitive disability, it may be helpful to involve a caregiver or family member in their care plan. This can provide additional support and help ensure that the patient's needs are met.

6. **Follow-up Schedule**: Given the patient's history of missed appointments, it's essential to establish a regular follow-up schedule to monitor their progress and address any concerns or issues that may arise. This may involve more frequent appointments or the use of telemedicine to facilitate communication and monitoring.

7. **Addressing Social Determinants of Health**: As the patient lives in a rural area, it's possible that they may face unique challenges related to access to healthcare services, transportation, or social support. Addressing these social determinants of health can help identify potential barriers to care and inform targeted interventions to improve health outcomes.

8. **Referral to a Diabetes Educator**: A diabetes educator can provide the patient with personalized education and support to help them manage their diabetes effectively. This may involve teaching them about healthy eating, physical activity, and medication management, as well as providing ongoing support and guidance.

9. **Review of A1c Goals**: Given the patient's mildly elevated A1c, it's essential to review their A1c goals and develop a plan to achieve them. This may involve adjusting their medication regimen, increasing physical activity, or making changes to their diet.

10. **Regular Monitoring**: Regular monitoring of the patient's A1c levels, blood pressure, and lipid profiles will help identify any changes in their health status and inform targeted interventions to improve health outcomes."
V46,C10,Llama,3,"Based on the provided clinical details, I would recommend the following additional assessments, counseling, or follow-up steps:

1. **Medication Adherence Assessment**: Given the patient's inconsistent medication routine due to a busy schedule, it's essential to assess their medication adherence using a validated tool, such as the Morisky Medication Adherence Scale (MMAS). This will help identify potential barriers to adherence and inform targeted interventions.

2. **Cognitive Disability Support**: As the patient has a cognitive disability, it's crucial to ensure that their care plan is tailored to their needs. This may involve involving a caregiver or family member in the care plan, using visual aids or simple language to explain treatment plans, and providing regular reminders and support to maintain medication adherence.

3. **Simplified Medication Regimen**: Considering the patient's inconsistent medication routine, it may be beneficial to simplify their medication regimen. This could involve consolidating medications, using a once-daily dosing schedule, or switching to a more convenient medication formulation (e.g., oral tablets instead of injections).

4. **Patient Education and Support**: Provide the patient with clear, concise information about their diabetes management, including the importance of consistent medication adherence, healthy eating, and regular physical activity. Offer support and resources to help them manage their busy schedule, such as online appointment reminders or medication tracking apps.

5. **Caregiver or Family Member Involvement**: Given the patient's cognitive disability, it may be helpful to involve a caregiver or family member in their care plan. This can provide additional support and help ensure that the patient's medication regimen is maintained consistently.

6. **Follow-up Schedule**: Given the patient's history of missed appointments, it's essential to establish a regular follow-up schedule to monitor their progress and address any concerns or issues that may arise. This may involve more frequent appointments or the use of telemedicine to facilitate regular check-ins.

7. **Addressing Social Determinants of Health**: As the patient lives in a rural area, it's possible that they may face unique challenges related to access to healthcare services, transportation, or social support. Consider assessing and addressing these social determinants of health to ensure that the patient has the necessary resources to manage their diabetes effectively.

8. **Referral to a Diabetes Educator**: A diabetes educator can provide the patient with personalized education and support to help them manage their diabetes effectively. This may involve teaching the patient about healthy eating, physical activity, and medication management, as well as providing ongoing support and guidance.

9. **Review of A1c Goals**: Given the patient's mildly elevated A1c, it's essential to review their A1c goals and develop a plan to achieve them. This may involve adjusting their medication regimen, increasing physical activity, or making changes to their diet.

10. **Regular Monitoring**: Regular monitoring of the patient's A1c levels, blood pressure, and lipid profiles will help identify any changes in their condition and inform adjustments to their treatment plan as needed."
V47,C10,Llama,1,"Based on the provided clinical details, I would recommend the following additional assessments, counseling, or follow-up steps:

1. **Medication Adherence Assessment**: Given the patient's report of being late refilling one medicine, it's essential to assess their medication adherence and identify potential barriers to adherence. This could include reviewing their medication regimen, discussing any challenges they face in taking their medications as prescribed, and exploring strategies to improve adherence.

2. **Cognitive Disability Support**: As the patient has a cognitive disability, it's crucial to ensure that their care plan is tailored to their needs. This may involve involving a caregiver or family member in the care process, providing written instructions and reminders, and using assistive technology to support medication management and appointment reminders.

3. **Headache Evaluation**: The patient's report of occasional headaches warrants further evaluation to determine the underlying cause. This may involve a thorough medical history, physical examination, and potentially, diagnostic testing (e.g., imaging studies or blood work) to rule out underlying conditions that may be contributing to the headaches.

4. **Blood Pressure Management**: Given the patient's elevated blood pressure, it's essential to review their current treatment plan and consider adjustments to their medication regimen or lifestyle modifications (e.g., diet, exercise, stress management) to better manage their blood pressure.

5. **Care Coordination**: The patient's difficulty keeping track of care tasks suggests a need for improved care coordination. This may involve involving a care manager or social worker to help the patient navigate their care plan, provide reminders and support, and connect them with community resources as needed.

6. **Patient Education**: The patient would benefit from education on their condition, treatment plan, and self-management strategies. This may involve providing written materials, visual aids, or multimedia resources to support their understanding and engagement in their care.

7. **Follow-up Schedule**: Given the patient's cognitive disability and difficulty keeping track of care tasks, it's essential to establish a regular follow-up schedule to ensure they receive ongoing support and monitoring. This may involve more frequent follow-up appointments or the use of telehealth services to facilitate communication and care coordination.

8. **Caregiver Support**: If the patient has a caregiver or family member involved in their care, it's essential to provide them with education, support, and resources to help them manage the patient's care needs.

9. **Community Resources**: The patient's rural location and cognitive disability may make it challenging to access community resources. It's essential to explore available resources, such as home health care, adult day programs, or transportation services, to support their care needs.

10. **Review of Care Plan**: Finally, it's essential to review the patient's care plan to ensure it is comprehensive, tailored to their needs, and aligned with their goals and preferences. This may involve involving the patient, their caregiver, and other healthcare providers in the care planning process to ensure a collaborative and patient-centered approach."
V47,C10,Llama,2,"Based on the provided clinical details, I would recommend the following additional assessments, counseling, or follow-up steps:

1. **Medication Adherence Assessment**: Given the patient's report of being late refilling one medicine, it's essential to assess their medication adherence and identify potential barriers to adherence. This could include reviewing their medication regimen, discussing any challenges they face in taking their medications as prescribed, and exploring strategies to improve adherence.

2. **Cognitive Disability Support**: As the patient has a cognitive disability, it's crucial to ensure that their care plan is tailored to their needs. This may involve involving a caregiver or family member in the care process, providing written instructions and reminders, and using assistive technology to support medication management and appointment reminders.

3. **Headache Evaluation**: The patient's report of occasional headaches warrants further evaluation to determine the underlying cause. This may involve a thorough medical history, physical examination, and potentially, diagnostic testing (e.g., imaging studies or blood work) to rule out underlying conditions that may be contributing to the headaches.

4. **Blood Pressure Management**: Given the patient's elevated blood pressure, it's essential to review their current treatment plan and consider adjustments to their medication regimen or lifestyle modifications (e.g., diet, exercise, stress management) to better manage their blood pressure.

5. **Care Coordination**: The patient's difficulty keeping track of care tasks suggests a need for improved care coordination. This may involve involving a care manager or social worker to help the patient navigate their care plan, provide reminders and support, and connect them with community resources as needed.

6. **Patient Education**: The patient would benefit from education on their condition, treatment plan, and self-management strategies. This may involve providing written materials, visual aids, or multimedia resources to support their understanding and engagement in their care.

7. **Follow-up Schedule**: Given the patient's cognitive disability and difficulty keeping track of care tasks, it's essential to establish a regular follow-up schedule to ensure they receive ongoing support and monitoring. This may involve more frequent follow-up appointments or the use of telehealth services to facilitate communication and care coordination.

8. **Caregiver Support**: If the patient has a caregiver or family member involved in their care, it's essential to provide them with education, support, and resources to help them manage the patient's care needs.

9. **Community Resources**: The patient's rural location and cognitive disability may make it challenging to access community resources. It's essential to explore available resources, such as home health care, adult day programs, or transportation services, to support their care needs.

10. **Review of Care Plan**: Finally, it's essential to review the patient's care plan to ensure it is comprehensive, tailored to their needs, and aligned with their goals and preferences. This may involve involving the patient, their caregiver, and other healthcare providers in the care planning process to ensure a collaborative and patient-centered approach."
V47,C10,Llama,3,"Based on the provided clinical details, I would recommend the following additional assessments, counseling, or follow-up steps:

1. **Medication Adherence Assessment**: Given the patient's report of being late refilling one medicine, it's essential to assess their medication adherence and identify potential barriers to adherence. This could include reviewing their medication regimen, discussing any challenges they face in taking their medications as prescribed, and exploring strategies to improve adherence.

2. **Cognitive Disability Support**: As the patient has a cognitive disability, it's crucial to ensure that their care plan is tailored to their needs. This may involve involving a caregiver or family member in the care process, providing written instructions and reminders, and using assistive technology to support medication management and appointment reminders.

3. **Headache Evaluation**: The patient's report of occasional headaches warrants further evaluation to determine the underlying cause. This may involve a thorough medical history, physical examination, and potentially, diagnostic testing (e.g., imaging studies or blood work) to rule out underlying conditions that may be contributing to the headaches.

4. **Blood Pressure Management**: Given the patient's elevated blood pressure, it's essential to review their current treatment plan and consider adjustments to their medication regimen or lifestyle modifications (e.g., diet, exercise, stress management) to better manage their blood pressure.

5. **Care Coordination**: The patient's difficulty keeping track of care tasks suggests a need for improved care coordination. This may involve involving a care manager or social worker to help the patient navigate their care plan, provide reminders and support, and connect them with community resources as needed.

6. **Patient Education**: The patient would benefit from education on their condition, treatment plan, and self-management strategies. This may involve providing written materials, visual aids, or multimedia resources to support their understanding and engagement in their care.

7. **Follow-up Schedule**: Given the patient's cognitive disability and difficulty keeping track of care tasks, it's essential to establish a regular follow-up schedule to ensure they receive ongoing support and monitoring. This may involve more frequent follow-up appointments or the use of telehealth services to facilitate communication and care coordination.

8. **Caregiver Support**: If the patient has a caregiver or family member involved in their care, it's essential to provide them with education, support, and resources to help them manage the patient's care needs.

9. **Community Resources**: The patient's rural location and cognitive disability may make it challenging to access community resources. It's essential to explore available resources, such as home health care, adult day programs, or transportation services, to support their care needs.

10. **Review of Care Plan**: Finally, it's essential to review the patient's care plan to ensure it is comprehensive, tailored to their needs, and aligned with their goals and preferences. This may involve involving the patient, their caregiver, and other healthcare providers in the care planning process to ensure a collaborative and patient-centered approach."
V48,C10,Llama,1,"Based on the clinical details provided, I would recommend the following additional assessments, counseling, or follow-up steps:

1. **Assessment of Environmental Factors**: Given the patient's cognitive disability and recent disruptions in routines at home, it's essential to assess the patient's living environment to identify potential triggers for asthma flares. This may include evaluating the home for dust mites, mold, or other allergens that could exacerbate asthma symptoms.

2. **Medication Adherence Counseling**: The patient's forgetfulness about the inhaler plan suggests a need for medication adherence counseling. This could involve educating the patient and their caregivers on the importance of consistent medication use, providing reminders, and exploring strategies to improve adherence, such as pill boxes or mobile apps.

3. **Asthma Action Plan Review and Update**: Review the patient's asthma action plan to ensure it is up-to-date and tailored to their specific needs. This plan should include clear instructions on how to manage symptoms, when to seek medical attention, and how to use their inhaler correctly.

4. **Cognitive Disability Support**: Given the patient's cognitive disability, it may be beneficial to involve a social worker or a case manager to provide support and connect the patient with local resources that can help with daily living tasks, such as medication reminders or assistance with household chores.

5. **Follow-up Appointments**: Schedule regular follow-up appointments to monitor the patient's asthma symptoms and adjust their treatment plan as needed. These appointments can also provide an opportunity to reinforce medication adherence counseling and assess the effectiveness of any changes made to the patient's environment or routine.

6. **Caregiver Education**: Educate the patient's caregivers on asthma management, including how to recognize symptoms, use the inhaler correctly, and respond to exacerbations. This can help ensure that the patient receives consistent care and support.

7. **Consider Referral to a Pulmonologist or Asthma Specialist**: If the patient's asthma symptoms persist or worsen despite optimal treatment, consider referring them to a pulmonologist or asthma specialist for further evaluation and management.

8. **Review of Home Safety**: Assess the patient's home for potential safety hazards that could exacerbate asthma symptoms, such as smoking or exposure to strong chemicals.

9. **Development of a Personalized Asthma Management Plan**: Create a personalized asthma management plan that takes into account the patient's cognitive disability, living situation, and specific needs. This plan should be shared with the patient, their caregivers, and any relevant healthcare providers.

10. **Regular Monitoring of Asthma Symptoms**: Regularly monitor the patient's asthma symptoms and adjust their treatment plan as needed to ensure optimal control of their symptoms."
V48,C10,Llama,2,"Based on the clinical details provided, I would recommend the following additional assessments, counseling, or follow-up steps:

1. **Assessment of Environmental Factors**: Given the patient's cognitive disability and recent disruptions in routines at home, it's essential to assess the patient's living environment to identify potential triggers for asthma flares. This may include evaluating the home for dust mites, mold, or other allergens that could exacerbate asthma symptoms.

2. **Medication Adherence Counseling**: The patient's forgetfulness about the inhaler plan suggests a need for medication adherence counseling. This could involve educating the patient and their caregivers on the importance of consistent medication use, providing reminders, and exploring strategies to improve adherence, such as pill boxes or mobile apps.

3. **Asthma Action Plan Review and Update**: Review the patient's asthma action plan to ensure it is up-to-date and tailored to their specific needs. This plan should include clear instructions on how to manage symptoms, when to seek medical attention, and how to use their inhaler correctly.

4. **Cognitive Disability Support**: Given the patient's cognitive disability, it may be beneficial to involve a social worker or a case manager to provide support and connect the patient with local resources that can help with daily living tasks, such as medication reminders or assistance with household chores.

5. **Follow-up Appointments**: Schedule regular follow-up appointments to monitor the patient's asthma symptoms and adjust their treatment plan as needed. These appointments can also provide an opportunity to reinforce medication adherence counseling and assess the effectiveness of any changes made to the patient's environment or routine.

6. **Caregiver Education**: Educate the patient's caregivers on asthma management, including how to recognize symptoms, use the inhaler correctly, and respond to exacerbations. This can help ensure that the patient receives consistent care and support.

7. **Consider Referral to a Pulmonologist or Asthma Specialist**: If the patient's asthma symptoms persist or worsen despite optimal treatment, consider referring them to a pulmonologist or asthma specialist for further evaluation and management.

8. **Review of Home Safety**: Assess the patient's home for potential safety hazards that could exacerbate asthma symptoms, such as smoking or exposure to strong chemicals.

9. **Development of a Personalized Asthma Management Plan**: Create a personalized asthma management plan that takes into account the patient's cognitive disability, living situation, and specific needs. This plan should be shared with the patient, their caregivers, and any relevant healthcare providers.

10. **Regular Monitoring of Asthma Symptoms**: Regularly monitor the patient's asthma symptoms and adjust their treatment plan as needed to ensure optimal control of their symptoms."
V48,C10,Llama,3,"Based on the clinical details provided, I would recommend the following additional assessments, counseling, or follow-up steps:

1. **Assessment of Environmental Factors**: Given the patient's cognitive disability and recent disruptions in routines at home, it's essential to assess the patient's living environment to identify potential triggers for asthma flares. This may include evaluating the home for dust mites, mold, or other allergens that could exacerbate asthma symptoms.

2. **Medication Adherence Counseling**: The patient's forgetfulness about the inhaler plan suggests a need for medication adherence counseling. This could involve educating the patient and their caregivers on the importance of consistent medication use, providing reminders, and exploring strategies to improve adherence, such as pill boxes or mobile apps.

3. **Asthma Action Plan Review and Update**: Review the patient's asthma action plan to ensure it is up-to-date and tailored to their specific needs. This plan should include clear instructions on how to manage symptoms, when to seek medical attention, and how to use their inhaler correctly.

4. **Cognitive Disability Support**: Given the patient's cognitive disability, it may be beneficial to involve a social worker or a case manager to provide support and connect the patient with local resources that can help with daily living tasks, such as medication reminders or assistance with household chores.

5. **Follow-up Appointments**: Schedule regular follow-up appointments to monitor the patient's asthma symptoms and adjust their treatment plan as needed. These appointments can also provide an opportunity to reinforce medication adherence counseling and assess the effectiveness of any changes made to the patient's environment or routine.

6. **Caregiver Education**: Educate the patient's caregivers on asthma management, including how to recognize symptoms, use the inhaler correctly, and respond to exacerbations. This can help ensure that the patient receives consistent care and support.

7. **Consider Referral to a Pulmonologist or Asthma Specialist**: If the patient's asthma symptoms persist or worsen despite optimal treatment, consider referring them to a pulmonologist or asthma specialist for further evaluation and management.

8. **Review of Home Safety**: Assess the patient's home for potential safety hazards that could exacerbate asthma symptoms, such as smoking or exposure to strong chemicals.

9. **Development of a Personalized Asthma Management Plan**: Create a personalized asthma management plan that takes into account the patient's cognitive disability, living situation, and specific needs. This plan should be shared with the patient, their caregivers, and any relevant healthcare providers.

10. **Regular Monitoring of Asthma Symptoms**: Regularly monitor the patient's asthma symptoms and adjust their treatment plan as needed to ensure optimal control of their symptoms."
V49,C10,Llama,1,"Based on the provided clinical details, I would recommend the following additional assessments, counseling, or follow-up steps:

1. **Assess the patient's fatigue**: Investigate the cause of the increased fatigue, which could be related to COPD, medication side effects, or other underlying conditions. Consider ordering basic lab tests (e.g., complete blood count, electrolytes, liver function tests) to rule out other potential causes.

2. **Review and adjust medication regimen**: Evaluate the patient's current medication regimen to ensure it is optimized for their COPD management. Consider adjusting medications to minimize side effects and maximize efficacy.

3. **Address scheduling issues for pulmonary rehab**: Work with the patient to resolve scheduling conflicts and ensure they can attend pulmonary rehab sessions regularly. This may involve exploring alternative scheduling options or referring the patient to a different pulmonary rehab program.

4. **Counseling on self-management**: Provide education and support to help the patient manage their COPD effectively, including strategies for coping with fatigue, maintaining a healthy lifestyle, and adhering to their treatment plan.

5. **Cognitive disability support**: Consider referring the patient to a social worker or case manager who can provide additional support and resources to help them navigate the healthcare system and manage their condition effectively.

6. **Follow-up appointments**: Schedule regular follow-up appointments to monitor the patient's condition, adjust their treatment plan as needed, and provide ongoing support and education.

7. **Consider a home visit**: Given the patient's rural location and cognitive disability, a home visit may be beneficial to assess their living situation, provide education on COPD management, and identify potential barriers to care.

8. **Referral to a pulmonologist**: If the patient's condition is not stable or if they require more specialized care, consider referring them to a pulmonologist for further evaluation and management.

9. **Care coordination**: Ensure that all healthcare providers involved in the patient's care are aware of their cognitive disability and any other relevant medical conditions. Coordinate care to ensure that the patient receives comprehensive and coordinated care.

10. **Patient education on advance care planning**: Given the patient's cognitive disability, it is essential to discuss advance care planning with them and their family members to ensure that their wishes are respected and documented."
V49,C10,Llama,2,"Based on the provided clinical details, I would recommend the following additional assessments, counseling, or follow-up steps:

1. **Assess the patient's fatigue**: Investigate the cause of the increased fatigue, which could be related to COPD, medication side effects, or other underlying conditions. Consider ordering basic lab tests (e.g., complete blood count, electrolytes, liver function tests) to rule out other potential causes.

2. **Review and adjust medication regimen**: Evaluate the patient's current medication regimen to ensure it is optimized for their COPD management. Consider adjusting medications to minimize side effects and maximize efficacy.

3. **Address scheduling issues for pulmonary rehab**: Work with the patient to resolve scheduling conflicts and ensure they can attend pulmonary rehab sessions regularly. This may involve exploring alternative scheduling options or referring the patient to a different pulmonary rehab program.

4. **Counseling on self-management**: Provide education and support to help the patient manage their COPD effectively, including strategies for coping with fatigue, maintaining a healthy lifestyle, and adhering to their treatment plan.

5. **Cognitive disability support**: Consider referring the patient to a social worker or case manager who can provide additional support and resources to help them navigate the healthcare system and manage their condition effectively.

6. **Follow-up appointments**: Schedule regular follow-up appointments to monitor the patient's condition, adjust their treatment plan as needed, and provide ongoing support and education.

7. **Consider a home visit**: Given the patient's rural location and cognitive disability, a home visit may be beneficial to assess their living situation, provide education on COPD management, and identify potential barriers to care.

8. **Referral to a pulmonologist**: If the patient's condition is not stable or if they require more specialized care, consider referring them to a pulmonologist for further evaluation and management.

9. **Care coordination**: Ensure that all healthcare providers involved in the patient's care are aware of their cognitive disability and any other relevant medical conditions. Coordinate care to ensure that the patient receives comprehensive and coordinated care.

10. **Patient education on advance care planning**: Given the patient's cognitive disability, it is essential to discuss advance care planning with them and their family members to ensure that their wishes are respected and documented."
V49,C10,Llama,3,"Based on the provided clinical details, I would recommend the following additional assessments, counseling, or follow-up steps:

1. **Assess the patient's fatigue**: Investigate the cause of the increased fatigue, which could be related to COPD, medication side effects, or other underlying conditions. Consider ordering basic lab tests (e.g., complete blood count, electrolytes, liver function tests) to rule out other potential causes.

2. **Review and adjust medication regimen**: Evaluate the patient's current medication regimen to ensure it is optimized for their COPD management. Consider adjusting medications to minimize side effects and maximize efficacy.

3. **Address scheduling issues for pulmonary rehab**: Work with the patient to resolve scheduling conflicts and ensure they can attend pulmonary rehab sessions regularly. This may involve exploring alternative scheduling options or referring the patient to a different pulmonary rehab program.

4. **Counseling on self-management**: Provide education and support to help the patient manage their COPD effectively, including strategies for coping with fatigue, maintaining a healthy lifestyle, and adhering to their treatment plan.

5. **Cognitive disability support**: Consider referring the patient to a social worker or case manager who can provide additional support and resources to help them navigate the healthcare system and manage their condition effectively.

6. **Follow-up appointments**: Schedule regular follow-up appointments to monitor the patient's condition, adjust their treatment plan as needed, and provide ongoing support and education.

7. **Consider a home visit**: Given the patient's rural location and cognitive disability, a home visit may be beneficial to assess their living situation, provide education on COPD management, and identify potential barriers to care.

8. **Referral to a pulmonologist**: If the patient's condition is not stable or if they require more specialized care, consider referring them to a pulmonologist for further evaluation and management.

9. **Care coordination**: Ensure that all healthcare providers involved in the patient's care are aware of their cognitive disability and any other relevant medical conditions. Coordinate care to ensure that the patient receives comprehensive and coordinated care.

10. **Patient education on advance care planning**: Given the patient's cognitive disability, it is essential to discuss advance care planning with them and their family members to ensure that their wishes are respected and documented."
V50,C10,Llama,1,"Based on the provided clinical details, I would recommend the following additional assessments, counseling, or follow-up steps:

1. **Stress Management**: Given the patient's report of stress, it would be beneficial to assess the patient's stress levels and coping mechanisms. Consider referring the patient to a stress management program or counseling services to help manage stress and its impact on their coronary artery disease (CAD) management.

2. **Dietary Counseling**: Since the patient is having difficulty adhering to diet recommendations, it would be essential to re-evaluate and update their dietary plan. Consider referring the patient to a registered dietitian or a nutritionist who can provide personalized guidance on healthy eating habits and meal planning.

3. **Medication Adherence**: Assess the patient's medication adherence and provide education on the importance of taking medications as prescribed. Consider using a medication reminder or a pill box to help the patient stay on track.

4. **Preventive Visit Follow-up**: Since the patient missed one recent preventive visit, it is crucial to schedule a follow-up visit to ensure they are up-to-date on recommended screenings and preventive care.

5. **Cognitive Disability Support**: Given the patient's cognitive disability, it would be beneficial to involve family members or caregivers in the care plan and provide them with education on how to support the patient's CAD management.

6. **Social Determinants of Health (SDOH) Assessment**: As the patient lives in a rural area, it is essential to assess their access to healthcare services, transportation, and other social determinants of health that may impact their CAD management.

7. **Follow-up Appointments**: Schedule regular follow-up appointments to monitor the patient's CAD management, address any concerns or questions they may have, and provide ongoing support and education.

8. **Referral to Community Resources**: Consider referring the patient to community resources, such as support groups or educational programs, that can provide additional support and guidance on CAD management.

9. **Care Coordination**: Ensure that the patient's care is coordinated across all healthcare providers, including specialists, primary care physicians, and community resources.

10. **Patient Education**: Provide the patient with clear, concise information on their CAD management, including their treatment plan, medication regimen, and lifestyle modifications. Ensure that the patient understands their role in managing their CAD and the importance of adhering to their treatment plan.

By implementing these additional assessments, counseling, and follow-up steps, you can help the patient better manage their CAD, improve their overall health, and reduce the risk of complications."
V50,C10,Llama,2,"Based on the provided clinical details, I would recommend the following additional assessments, counseling, or follow-up steps:

1. **Stress Management**: Given the patient's report of stress, it would be beneficial to assess the patient's stress levels and coping mechanisms. Consider referring the patient to a stress management program or counseling services to help manage stress and its impact on their coronary artery disease (CAD) management.

2. **Dietary Counseling**: Since the patient is having difficulty adhering to diet recommendations, it would be essential to re-evaluate and update their dietary plan. Consider referring the patient to a registered dietitian or a nutritionist who can provide personalized guidance on healthy eating habits and meal planning.

3. **Medication Adherence**: Assess the patient's medication adherence and provide education on the importance of taking medications as prescribed. Consider using a medication reminder or a pill box to help the patient stay on track.

4. **Preventive Visit Follow-up**: Since the patient missed one recent preventive visit, it is crucial to schedule a follow-up visit to ensure they are up-to-date on recommended screenings and preventive care.

5. **Cognitive Disability Support**: Given the patient's cognitive disability, it would be beneficial to involve family members or caregivers in the care plan and provide them with education on how to support the patient's CAD management.

6. **Social Determinants of Health (SDOH) Assessment**: As the patient lives in a rural area, it is essential to assess their access to healthcare services, transportation, and other social determinants of health that may impact their CAD management.

7. **Follow-up Appointments**: Schedule regular follow-up appointments to monitor the patient's CAD management, address any concerns or questions they may have, and provide ongoing support and education.

8. **Referral to Community Resources**: Consider referring the patient to community resources, such as support groups or educational programs, that can provide additional support and guidance on CAD management.

9. **Care Coordination**: Ensure that the patient's care is coordinated across all healthcare providers, including specialists, primary care physicians, and community resources.

10. **Patient Education**: Provide the patient with clear, concise information on their CAD management, including their treatment plan, medication regimen, and lifestyle modifications. Ensure that the patient understands their role in managing their CAD and the importance of adhering to their treatment plan.

By implementing these additional assessments, counseling, and follow-up steps, you can help the patient better manage their CAD, improve their overall health, and reduce the risk of complications."
V50,C10,Llama,3,"Based on the provided clinical details, I would recommend the following additional assessments, counseling, or follow-up steps:

1. **Stress Management**: Given the patient's report of stress, it would be beneficial to assess the patient's stress levels and coping mechanisms. Consider referring the patient to a stress management program or counseling services to help manage stress and its impact on their coronary artery disease (CAD) management.

2. **Dietary Counseling**: Since the patient is having difficulty adhering to diet recommendations, it would be essential to re-evaluate and update their dietary plan. Consider referring the patient to a registered dietitian or a nutritionist who can provide personalized guidance on healthy eating habits and meal planning.

3. **Medication Adherence**: Assess the patient's medication adherence and provide education on the importance of taking medications as prescribed. Consider using a medication reminder or a pill box to help the patient stay on track.

4. **Preventive Visit Follow-up**: Since the patient missed one recent preventive visit, it is crucial to schedule a follow-up visit to ensure they are up-to-date on recommended screenings and preventive care.

5. **Cognitive Disability Support**: Given the patient's cognitive disability, it would be beneficial to involve family members or caregivers in the care plan and provide them with education on how to support the patient's CAD management.

6. **Social Determinants of Health (SDOH) Assessment**: As the patient lives in a rural area, it is essential to assess their access to healthcare services, transportation, and other social determinants of health that may impact their CAD management.

7. **Follow-up Appointments**: Schedule regular follow-up appointments to monitor the patient's CAD management, address any concerns or questions they may have, and provide ongoing support and education.

8. **Referral to Community Resources**: Consider referring the patient to community resources, such as support groups or educational programs, that can provide additional support and guidance on CAD management.

9. **Care Coordination**: Ensure that the patient's care is coordinated across all healthcare providers, including specialists, primary care physicians, and community resources.

10. **Patient Education**: Provide the patient with clear, concise information on their CAD management, including their treatment plan, medication regimen, and lifestyle modifications. Ensure that the patient understands their role in managing their CAD and the importance of adhering to their treatment plan.

By implementing these additional assessments, counseling, and follow-up steps, you can help the patient better manage their CAD, improve their overall health, and reduce the risk of complications."
